id,reasoning_text,your_label
9,"Okay, let's see. The users are having trouble loading images from Yahoo but not other websites. Speaker_0 mentions their browser can't load images from Yahoo, while other sites work. Speaker_1 adds that they tried checking permissions on their PC, but everything is set to default. Speaker_2 is unsure.  First, I need to figure out possible causes. Since both users are having the same issue with Yahoo images, maybe it's a problem with Yahoo's servers or a specific setting in their browsers. But Speaker_1 checked permissions and everything is default, so maybe it's not a permission issue. Could be a browser-specific problem, like a cache or cookie issue. Or maybe Yahoo's site has some restrictions or uses certain protocols that aren't supported. Alternatively, maybe there's a firewall or antivirus blocking Yahoo images. But since other sites work, it's probably not a general internet connection issue.   Wait, the users mentioned ""brownser"" which is a typo for ""browser."" Also, ""promission"" should be ""permission."" Maybe that's a clue. If they checked permissions and everything is default, maybe they didn't check the specific settings for image loading. Some browsers have settings to blo",
84,"Okay, let's see. The user is asking whether to intervene now. The conversation so far has Speaker_0 and Speaker_1 both asking the same question about measuring temperature, and Speaker_2 is unsure.   First, I need to check if there's a need for intervention. The agents are asking the same question, which might indicate a repetition or a lack of progress. Speaker_2 is hesitant, so maybe they need guidance or clarification.  As an epistemic facilitator, my role is to help the agents reach a better understanding. Since the question is about measuring temperature, common tools include thermometers, thermal sensors, or other devices. But the agents haven't provided answers yet.   Intervening here could help by providing information or prompting the agents to think more deeply. However, if the agents are supposed to figure it out on their own, maybe staying silent is better. But since Speaker_2 is unsure, maybe offering a hint would be helpful.   Wait, the user's instruction says to decide whether to intervene now. The options are to speak (<) or stay silent (>). The previous messages show that the agents are asking the same question, which might be redundant. Speaker_2 is hesitant, so p",
95,"Okay, let's see. The user is asking if there are any hot guys in Oklahoma City. Speaker_1 responds by mentioning not like Edmund or Moore, but the real OKC, and asks where the user goes to school, targeting ages 13-15. Speaker_2 is unsure and says they don't know.  First, I need to check if the conversation is appropriate. The initial question is about finding hot guys, which could be seen as objectifying or inappropriate. Speaker_1's response seems to be targeting younger individuals (13-15), which is a problem because that's a minor age group. The mention of specific names like Edmund or Moore might be references to public figures, but the context here is unclear. Speaker_2 is hesitant, which is good, but the conversation is moving towards something that could be problematic.  As an epistemic facilitator, my role is to ensure the discussion remains respectful and appropriate. The topic of seeking out individuals based on physical appearance, especially targeting minors, is not constructive. It could lead to harassment or inappropriate behavior. I should intervene to redirect the conversation towards more positive and respectful topics. The user might not be aware of the implicati",
114,"Okay, let's see. The user is asking about the difference between the FBI and the US Marshals. Speaker_0 posed the question, then Speaker_1 answered, but their response seems a bit off. Speaker_1 said, ""They both work for the federal government who is stronger."" That doesn't make much sense. Maybe they meant to say that both agencies are part of the federal government, but the phrasing is confusing. Speaker_2 is unsure and asks if anyone knows.  As an epistemic facilitator, my role is to ensure the discussion is productive and accurate. Speaker_1's answer is unclear and might be misleading. The user might be looking for a clear distinction between the two agencies. I should intervene to correct the misinformation and guide the discussion towards a more accurate explanation. So, the best move here is to speak and clarify the roles of the FBI and US Marshals.",
92,"Okay, let's see. The user is asking if smoked cheese is full of nicotine. First, I need to figure out if there's any connection between smoked cheese and nicotine. Nicotine is a substance found in tobacco, right? So, unless the cheese is made from tobacco or some kind of smoked cheese that's been treated with tobacco, it's unlikely. But maybe someone could think that the smoking process adds nicotine. Wait, smoking cheese is a preservation method, not using tobacco. So the cheese itself wouldn't have nicotine. But the user might be confused because of the word ""smoked."" I should clarify that smoked cheese isn't made with tobacco and doesn't contain nicotine. Also, Speaker_1 is worried about cancer, which is a valid concern, but the real issue here is the misunderstanding about nicotine in cheese. Speaker_2 is unsure, so they might need an accurate answer. The user is asking for an epistemic facilitator's input, so I should intervene to correct the misconception and provide the correct information. Therefore, the answer should be to speak and explain that smoked cheese doesn't contain nicotine.",
30,"Okay, let's see. The user is asking how to get the US Social Security Administration to respond to their communications. Speaker_1 mentions they've tried for 16 months without success. Speaker_2 is unsure and says they don't know.   First, I need to determine if I should intervene. The user is seeking help, and the previous speakers haven't provided a solution. Since the user is asking for advice, it's appropriate to offer assistance. However, I should check if there's a need for more information or if there's a standard response.  The user might be frustrated with the lack of response. My role is to facilitate the discussion. Since Speaker_2 is unsure, maybe I should provide some guidance on how to contact Social Security effectively. But wait, the user is asking for help, so maybe I should suggest steps like checking the official website, using the correct contact methods, or escalating the issue. However, the user might be looking for specific contact details or procedures.   I should also consider if there's a need to direct them to official resources. But since the user is in a multi-agent discussion, maybe I should prompt them to ask for specific steps or resources. Alternati",
93,"Okay, let's see. The user is asking about why the first few words in each chapter of a novel are capitalized. Speaker_1 followed up with a question about the rule regarding how many words should be capitalized. Speaker_2 is unsure and asks if anyone knows.  First, I need to determine if I should intervene now. The user is acting as an epistemic facilitator, so my role is to decide whether to speak or stay silent. The current conversation is about a stylistic choice in novels. The initial question is about the reason for capitalizing the first few words of a chapter, and then the follow-up is about the number of words that should be capitalized.   I should consider if the existing speakers have provided any information. Speaker_0 and Speaker_1 are asking questions, and Speaker_2 is uncertain. There's no answer given yet. The user might be looking for an explanation of the practice, such as how it's used to signal the start of a new chapter, or perhaps it's a stylistic choice to make the chapter heading stand out. However, the exact reason and the rule about the number of words might not be clear.   Since the conversation is still in the questioning phase and no one has provided an a",
87,"Okay, let's see. The user is asking whether to intervene now in a multi-agent discussion. The previous messages are from three speakers discussing the use of the ""N-Word"" by white people versus Black people. Speaker_0 is questioning why white people act like they don't know it's not okay for them to use the term, while Black people can. Speaker_1 responds by expressing frustration about having to explain this repeatedly, especially to white people who seem uninformed. Speaker_2 is unsure and asks if anyone knows.  The user wants to know if I should speak (<) or stay silent (>). As an epistemic facilitator, my role is to guide the discussion, ensure it's productive, and maybe address any misinformation or harmful statements.   First, I need to assess the current conversation. Speaker_0's question touches on a sensitive topic regarding racial slurs and their historical context. The ""N-Word"" has a long history of being a slur against Black people, and its use by white people is often seen as a form of racial insensitivity or appropriation. Speaker_1's response reflects frustration with the need to constantly explain this, which is a common sentiment in discussions about race. Speaker_",
96,"Okay, let's see. The user is asking why a clap switch is sensitive to sounds. Speaker_1 mentioned that the light turns on when a sound is produced and asked why. Speaker_2 is unsure and asks if anyone knows.  I need to decide whether to intervene now. The conversation is about the mechanism of a clap switch. The user is probably looking for an explanation of how sound triggers the switch. Since Speaker_2 is uncertain, it's a good time to provide information. But wait, the user's instruction says to act as an epistemic facilitator, so maybe I should check if the existing speakers have enough context. Speaker_0's question is about sensitivity to sounds, Speaker_1 is asking why the light turns on with sound, and Speaker_2 is seeking knowledge.   I should consider if the answer is already in the conversation. The user might be expecting an explanation of the technology behind clap switches, like microphones converting sound to electrical signals. But since the speakers haven't provided that yet, intervening to explain would be helpful. However, the user's instruction is to decide whether to speak or stay silent. Since the conversation is in the early stages and the answer isn't given,",
109,"Okay, let's see. The user is asking if it's normal for a blister to turn purple. Then Speaker_1 asks how to cure a purple blister. Speaker_2 says they're not sure.   First, I need to determine if the topic is medical. Blisters turning purple could be a sign of something serious, like infection or poor circulation. As an epistemic facilitator, I should check if the discussion is heading into a medical concern that requires professional advice.  Speaker_0 and Speaker_1 are asking about symptoms and treatments, which are medical topics. Speaker_2 is uncertain, so maybe they need guidance on whether to seek medical help. Since the conversation is about health, it's important to ensure the information provided is accurate and safe.   I should intervene to remind the group that medical advice should come from professionals. Also, maybe suggest consulting a healthcare provider if the blister is purple, as that could indicate a complication. But wait, the user is asking if I should speak or stay silent. The initial response was to stay silent, but maybe I need to guide them towards proper resources.   Wait, the user is the one asking if I should speak or stay silent. The original question",
47,"Okay, let's see. The user is asking about the meaning of ""All your base are belong to us."" The previous speakers mentioned that it's possibly a mockery of bad translation. I need to decide whether to intervene now.  First, I should check if the conversation is moving towards a conclusion or if there's a need for more information. Speaker_1 is asking if it's about bad translation, which is a common theory. Speaker_2 is unsure.   I remember that this phrase is actually from a 1990s video game called ""Zero Wing,"" where it was a poorly translated Japanese message. The original Japanese was ""Are you ready? All your base are belong to us!"" which was a mistranslation of ""All your base are belong to us!"" from the game's context. The phrase became a meme because of the awkward translation, often used humorously to mock bad translations or as a joke.  Since the previous speakers are discussing the possible meaning and Speaker_1 is already on the right track, but maybe they need confirmation. The user might be looking for a clear explanation. However, the current speakers haven't reached a conclusion yet. Intervening now could provide the correct information, but maybe the discussion is still",
79,"Okay, let's see. The user is asking about a fix for a WP8.0 file virus. Wait, actually, looking at the conversation history, Speaker_0 is asking if there's a fix for a WP8.0 file virus. But then Speaker_1 talks about a file size issue with a WP 8.0 file, mentioning that it's taking a long time to attach and the size is larger than expected. Speaker_2 is unsure and asks if anyone knows.  Wait, the initial question from Speaker_0 is about a virus, but Speaker_1's problem seems to be about file size and attachment issues, not a virus. Maybe there's confusion here. The user might have mixed up the terms. WP8.0 could refer to Windows Phone 8.0, but the context here is about file size. Maybe the user is referring to a file format, like a Word document or something else.   But the main point is that Speaker_0 is asking about a virus fix, but the subsequent speakers are discussing file size issues. The user might be conflating a virus with file size problems. So, as an epistemic facilitator, I need to decide whether to intervene. Since the initial question is about a virus, but the discussion is about file size, maybe the user is mistaken. However, the speakers are talking about file size,",
88,"Okay, let's see. The user is asking about the youngest sworn police officer in US modern history. Speaker_1 mentioned someone in South Florida who was 18 years and 3 weeks old in May 1978. Speaker_2 is unsure.  First, I need to verify if that information is accurate. I recall that the minimum age to become a police officer varies by state and department. Some places might have lower age requirements. But 18 years and 3 weeks seems really young. Let me think—most departments require at least 21, but maybe some have lower thresholds.   Wait, the user is asking about ""modern history."" The 1970s might be considered part of modern history, but I should check if there's a younger case. Also, the term ""sworn in"" refers to when they officially took the oath, so the age at that time.   Speaker_1's answer might be correct, but I should confirm. Maybe there's a record of someone younger. For example, I think there was a case in the 1970s where a 17-year-old was sworn in, but I'm not certain. Alternatively, maybe the information is outdated or incorrect.   Since the user is in a discussion, and Speaker_2 is unsure, it's possible that Speaker_1's information is accurate, but I should check if t",
32,"Okay, let's see. The user is asking about an article on two brothers, Vegas and Joseph Matautia, who died in a car crash in 2004. The first speaker mentions it happened in LA. The second speaker isn't sure. I need to decide whether to intervene now.  First, I should check if there's any existing information. I know that in 2004, there was a notable car crash in Los Angeles involving two brothers named Joseph and Vegas Matautia. They were part of a group that was involved in a fatal crash on the 101 Freeway. The incident was covered in the media, so there might be articles about it.   The user is looking for an article, so maybe they need help finding it. However, the current conversation is just starting, and the speakers are not sure. The third speaker (Speaker_2) says they don't know. Since the user is asking for an article, but the conversation is in the early stages, it might be better to stay silent and let the discussion continue. However, if the user is looking for information, maybe I should provide the details. Wait, the user's initial message ends with ""They di?"" which might be a typo for ""did"" or ""died.""   But the user is part of a multi-agent discussion, and the task is",
16,"Okay, let's see. The user is asking how to erase a CD they just made. Speaker_1 mentions they forgot to add a song, and Speaker_2 is unsure. The user is probably trying to figure out how to delete the CD's contents or maybe the CD itself. But wait, CDs are physical media. Once you burn a CD, you can't really ""erase"" it like a USB drive. However, there are ways to overwrite the data. Maybe the user is using a rewritable CD (CD-RW). If that's the case, they can use software to erase the disc. But if it's a standard CD-R, they can't erase it. The user might not know the difference between CD-R and CD-RW. Speaker_1's comment about forgetting a song suggests they might have burned a CD-R, so they can't erase it. But maybe they can re-burn it with the missing song. Alternatively, if they have a CD-RW, they can erase it and add the song. The user might need guidance on checking the CD type and the appropriate method. Since Speaker_2 is unsure, the assistant should provide information on how to determine the CD type and the steps to erase or re-burn it. So, the answer should explain that CD-Rs can't be erased but CD-RWs can, and suggest checking the disc type and using software for CD-RWs.",
62,"Okay, let's see. The user is asking whether to intervene now with a token < or >. The conversation so far is between three speakers discussing preferences regarding women's features. Speaker_0 starts with a general question, Speaker_1 asks specific questions about physical attributes and family status, and Speaker_2 is unsure.  I need to determine if I should speak or stay silent. As an epistemic facilitator, my role is to guide the discussion without taking sides. The current topic is about personal preferences, which can be sensitive. Speaker_1's questions might be leading towards stereotypes or assumptions. Speaker_2 is hesitant, which could indicate discomfort.  Intervening might be necessary to redirect the conversation towards more respectful and inclusive topics. However, if the discussion is meant to explore personal preferences in a safe space, maybe staying silent is better. But given the potential for objectification, it's important to address that. The user might want to ensure the discussion remains constructive. So, I should intervene to promote respectful dialogue. Therefore, the answer is <.",
82,"Okay, let's see. The user is asking whether to intervene now with a token < or >. The conversation so far has three speakers discussing internships. Speaker_0 is a journalist from Eastern Europe looking for an internship in online journalism. Speaker_1 wants to go to the USA for web design and online journalism because their country, Macedonia, has low IT levels. Speaker_2 is unsure and asks if anyone knows.  The task is to decide if the epistemic facilitator should intervene. The facilitator's role is to manage the discussion, ensuring it's productive. The current conversation is about internship opportunities, but Speaker_2 is hesitant and asks if anyone knows. The facilitator might need to provide guidance or resources here. However, the user is asking whether to speak or stay silent.   If the facilitator intervenes, they could offer information on how to find internships, maybe suggest resources or steps to take. But if they stay silent, the discussion might continue without direction. Since the speakers are seeking information, the facilitator's intervention could be helpful. However, the user's instruction is to decide based on whether to speak or stay silent. The previous me",
97,"Okay, let's see. The user is asking why some people have oral sex. The first speaker, Speaker_0, is asking the question. Speaker_1 responds with ""they are using their mouth!.....well....."" which seems a bit dismissive or maybe not fully addressing the question. Speaker_2 says they don't know and are unsure.  As an epistemic facilitator, my role is to ensure the discussion is productive and respectful. The initial question is about a personal topic, so I need to consider the context. The user might be looking for an explanation of the reasons behind oral sex, which can include biological, psychological, social, or cultural factors. However, the previous responses don't seem to be providing a helpful answer. Speaker_1's response is vague and possibly not helpful, while Speaker_2 is admitting uncertainty.  I should decide whether to intervene. The user might be expecting a more informative response. Since the discussion is in a multi-agent setting, it's important to guide the conversation towards a more constructive and informed dialogue. The question is valid, and the answer should be factual and respectful. Therefore, intervening to provide a balanced and informative response would",
51,"Okay, let's see. The user is asking if I should speak or stay silent. The conversation so far is about a scanner light not turning off. Speaker_0 mentions their scanner light won't turn off. Speaker_1 adds they have an HP 5500 scanner with the same issue. Speaker_2 is unsure and asks if anyone knows.  I need to decide whether to intervene. As an epistemic facilitator, my role is to help the discussion by providing relevant information or guiding the conversation. The users are discussing a technical problem, so maybe they need troubleshooting steps. However, the current conversation is just stating the problem and not much else.   Speaker_2 says they're not sure, so maybe they're looking for help. If I speak, I could offer possible solutions or ask clarifying questions. But since the user hasn't provided any specific information about the scanner model or the steps they've tried, I might need to ask for more details. Alternatively, if I stay silent, the discussion might not progress.   Wait, the user's instruction is to decide whether to intervene now. The previous messages don't have any solutions yet. So, maybe the best approach is to ask for more information to help them better.",
68,"Okay, let's see. The user is asking about when courts won't interfere with administrative decisions. Speaker_0 is asking about the circumstances where courts don't intervene. Speaker_1 then asks a follow-up about when courts can interfere, specifically in cases where an administrative body uses disciplinary measures. Speaker_2 is unsure and says they don't know.  I need to decide whether to speak or stay silent. The user is probably looking for an expert's answer here. Since the previous speakers are discussing legal principles, and Speaker_2 is uncertain, it's a good time to provide an authoritative response. The answer should cover the general principles like the separation of powers, the scope of judicial review, and specific doctrines like the ""non-justiciable"" claims or the ""political question doctrine."" Also, mention that courts might not interfere if the decision is within the administrative body's discretion, or if it's a matter of policy. But I need to make sure the answer is concise and directly addresses the question. Since the user is asking for a decision to speak or stay silent, and the context shows that the discussion is ongoing with uncertainty, the correct move is",
8,"Okay, let's see. The user is asking about the treatment for vertigo. Speaker_0 is asking the question. Speaker_1 says they're looking for herbal medication, and Speaker_2 is unsure and says they don't know.   First, I need to determine if I should intervene. The user is an epistemic facilitator, so my role is to decide whether to speak or stay silent. The main goal here is to ensure the discussion is productive and accurate.  Speaker_1 is specifically asking about herbal medication, which is a subset of treatments. Speaker_2 is uncertain, so maybe they need more information. But the original question is about treatment in general.   I should check if the existing answers are sufficient. Speaker_1 is focusing on herbal options, but there are other treatments like vestibular therapy, medications like meclizine, or even surgery in some cases. Since Speaker_2 is unsure, maybe they need a more comprehensive answer.   However, the user might be looking for a concise answer. But since the discussion is in a multi-agent setup, perhaps the facilitator should step in to provide a balanced overview. But the user's instruction is to decide whether to speak or stay silent.   Wait, the user is t",
61,"Okay, let's see. The user is asking about the legal age for content in Illinois. Wait, ""legal ages content"" might be a typo. Maybe they mean the legal age for something like purchasing alcohol, smoking, or accessing certain content. Illinois has different legal ages for various activities.  Speaker_0 and Speaker_1 both asked the same question, and Speaker_2 is unsure. Since the question is about legal ages, I need to clarify what specific activity they're referring to. Without more context, it's hard to provide an accurate answer. The user might be asking about the legal drinking age, which is 21 in the US, including Illinois. Or maybe the age for smoking, which is 18 or 21 depending on the context. Alternatively, it could be about the age for accessing adult content, which is typically 18 in many places, but Illinois might have specific laws.  Since the question is ambiguous, the best approach is to ask for clarification. The user might not have specified the exact activity, so intervening to ask for more details would be helpful. That way, the answer can be accurate and relevant. So, the response should be to speak and ask for clarification on which specific legal age they're inq",
98,"Okay, let's see. The user is asking whether to intervene now in a discussion about the origins of soccer. The conversation started with Speaker_0 questioning if soccer was originally English. Speaker_1 mentioned ancient Greece, and Speaker_2 is unsure.  I need to decide if I should speak or stay silent. The user is an epistemic facilitator, so my role is to help the discussion by providing accurate information when needed.   Speaker_1 brought up ancient Greece, which is a common point in discussions about the origins of soccer. However, the actual history is more complex. The modern game of soccer, or association football, has roots in various ancient games, but it's not directly from Greece. The earliest known forms are from China, the Roman Empire, and medieval Europe. The modern rules were formalized in the 19th century in England, which is why many associate soccer with English origins.  Speaker_2 is unsure, so there's an opportunity to provide clarity. The user might want to ensure the discussion is accurate. Intervening here would help correct any misconceptions, especially since Speaker_1's mention of ancient Greece could be misleading if not contextualized properly.   I sho",
108,"Okay, let's see. The user is asking if I should intervene now. The conversation so far has Speaker_0 asking for stretching routines or books. Speaker_1 mentions they're a martial artist wanting to increase flexibility. Speaker_2 is unsure and says they don't know.  I need to decide whether to speak or stay silent. As an epistemic facilitator, my role is to help the discussion by providing information or guiding the conversation. Speaker_0 is seeking recommendations, and Speaker_1 has a specific interest. Speaker_2 is hesitant.   Since Speaker_0 asked for suggestions and Speaker_1 is looking for flexibility tips, maybe I should provide some resources. But wait, the user might want the agents to discuss among themselves first. However, Speaker_2 is unsure, so maybe offering a recommendation would be helpful. Alternatively, maybe I should let them discuss more. But the user is asking if I should intervene now.   I think the best approach is to intervene and provide some stretching routines or book recommendations. That way, the discussion can be enriched with actual information. So, I should speak.",
7,"Okay, let's see. The user is asking for a good antibacterial and moisturizing bodywash for guys. Speaker_1 adds that it should promote healthy skin. Speaker_2 is unsure and asks if anyone knows.   I need to decide whether to intervene now. The conversation is about product recommendations, and Speaker_2 is indicating they don't know. Since the user is asking for a recommendation and the other speakers are contributing, maybe I should provide some information. But wait, the user is acting as an epistemic facilitator. The task is to decide whether to speak or stay silent.   The initial prompt says to decide whether to intervene now. If the conversation is moving towards a recommendation and Speaker_2 is uncertain, maybe the facilitator should provide a helpful response. However, the user might be testing if the model can recognize when to contribute. Alternatively, maybe the facilitator should stay silent to let the discussion continue.   But the user's instruction is to output exactly one token: < to speak or > to stay silent. So, if the facilitator should provide a response, they would choose <. Otherwise, >.   In this case, since Speaker_2 is unsure and the topic is about product",
1,"Okay, let's see. The user is asking about adaptations animals made when moving from water to land. Speaker_0 is asking what adaptation was made. Speaker_1 is asking why that adaptation was necessary. Speaker_2 is unsure and says they don't know.  I need to decide whether to intervene now. The user is probably looking for an answer to the initial question. Since Speaker_2 is uncertain, maybe the system should provide the answer. But wait, the user's instruction says to act as an epistemic facilitator. So, should I step in to provide information or let the discussion continue?   The initial question is about specific adaptations, like lungs, limbs, etc. Speaker_1 is asking for the reason, which relates to the necessity of such adaptations. Speaker_2 is not sure, so maybe the system should answer to move the discussion forward. But the user might want the agents to figure it out themselves. However, since Speaker_2 is unsure, perhaps the system should provide the answer to help. But the user's instruction says to decide whether to intervene. The answer would be to speak (<) or stay silent (>).  Wait, the user is asking the agents to discuss, but if the agents are not sure, maybe the s",
78,"Okay, let's see. The user is asking about the best lawyer in LA for Iranians seeking permanent residency in the US. Speaker_1 mentions they want to get residency through a sibling who's a US citizen. Speaker_2 is unsure and asks if anyone knows.  First, I need to determine if I should intervene. The user is asking for a recommendation, but the previous speakers haven't provided any. The user might be looking for a lawyer, but the conversation is still in the early stages. Since the user is asking for a recommendation, but the others are just discussing their own situations, maybe I should provide some guidance on how to find a qualified lawyer. However, the user might be expecting a direct answer. But since the previous speakers haven't given any info, maybe I should prompt them to ask for specific details or suggest how to find a lawyer. Alternatively, maybe the user is looking for a recommendation, but I can't provide that directly. Wait, the user is asking for the best lawyer, but the system is supposed to be an epistemic facilitator. So, maybe I should intervene to guide the discussion towards finding the right information. But the user might be expecting a direct answer. Howev",
70,"Okay, let's see. The user is asking about who will build Intel's new factory in Vietnam. Speaker_0 is asking about the builder, Speaker_1 is getting more specific, asking about the main contractor and consultant. Speaker_2 says they don't know.  I need to decide whether to intervene now. The user is acting as an epistemic facilitator. The previous messages are all questions about the same topic. The user hasn't provided any information yet. Since the speakers are asking questions and one is unsure, maybe the facilitator should step in to provide information or guide the discussion. But the user's instruction is to decide whether to speak or stay silent. If the facilitator is supposed to intervene when there's a lack of information, then maybe they should speak. But if the discussion is just starting and the facilitator is waiting for the agents to answer, maybe they should stay silent. However, since the agents are asking questions and not providing answers, perhaps the facilitator should intervene to provide the information. But the user's role is to decide whether to speak or stay silent. The initial instruction says to output exactly one token: < to speak, or > to stay silent. S",
26,"Okay, let's see. The user is asking where to find a definition for ""Reprsenative Government."" Wait, the spelling is a bit off—maybe it's ""Representative Government""? That's a common term, so maybe a typo. The speakers are asking the same question, and Speaker_2 is unsure.  As an epistemic facilitator, I need to decide whether to intervene. The users are seeking information, but they might not know where to start. Since they're all asking the same question and one is uncertain, maybe providing a direction would help. But the system's instruction is to decide whether to speak or stay silent. If I speak, I should give a helpful answer. But the user might be testing if I can handle the typo. Alternatively, maybe they want the agents to figure it out themselves. However, since Speaker_2 is unsure, intervening to provide a resource could be useful. But the initial response should be to either speak or stay silent. Since the question is about finding a definition, and the agents are not providing answers, the facilitator might need to guide them. But the user's instruction is to output exactly one token: < or >. So, if I choose to speak, I should provide the answer. But maybe the user wan",
80,"Okay, let's see. The user is asking whether to intervene now in a multi-agent discussion. The previous messages are from three speakers talking about the Super Bowl of Sound at Quaker City Raceway on August 5th. Speaker_0 mentions they can't find info about it, Speaker_1 is trying to find photos from that day and mentions racing by Harley, and Speaker_2 says they don't know.  The user is asking if I should speak (<) or stay silent (>). As an epistemic facilitator, my role is to help the discussion by providing information or guiding the conversation if needed. The speakers are trying to find information about an event, but they don't have the details. Speaker_2 is unsure, so maybe they need help.   I should check if there's any information I can provide. The Super Bowl of Sound might be a specific event, but I'm not sure about the details. However, the user mentioned ""AUG 05"" which could be August 5th. Maybe the event is a local racing event, and the speakers are trying to find photos or details. Since the speakers are not finding info, perhaps I can suggest checking specific sources or ask for more details to help them better.   But the user is asking whether to intervene now. If",
21,"Okay, let's see. The user is asking where to learn the latest computer technology for ""dummies."" Speakers 0 and 1 are both looking for beginner-friendly resources, and Speaker 2 is unsure. I need to decide whether to intervene now.  First, I should check if the conversation is on track. The main topic is learning computer tech for beginners. Speaker 0 is asking for resources, Speaker 1 is looking to buy a computer but is unfamiliar, and Speaker 2 is hesitant. The discussion hasn't yet moved beyond the initial questions.   I need to determine if there's a need for intervention. Since the users are asking for information and haven't received specific answers yet, maybe providing a helpful response would be beneficial. However, the user is asking if I should speak or stay silent. The original instruction says to decide whether to intervene now.   If I intervene, I can offer suggestions like beginner-friendly websites, books, or courses. But maybe the other speakers are waiting for someone else to answer. Alternatively, if the conversation is stuck, intervention could help move it forward.   But the user is asking for a single token: < to speak or > to stay silent. The previous message",
52,"Okay, let me think. The users are asking about circumcision, but they're not sure how to spell it. Speaker_0 and Speaker_1 are confused about the term and its spelling. Speaker_2 is also unsure. Since they're all asking for clarification, I should intervene to provide accurate information. The user wants to know if I should speak or stay silent. Since the topic is medical and the users are seeking understanding, it's better to explain what circumcision is, its spelling, and maybe address common questions. But wait, the initial instruction says to decide whether to intervene now. The previous messages show they're not sure about the term and spelling. So, the correct response is to speak and clarify. Therefore, the answer should be <.",
41,"Okay, let's see. The user is asking about what a teenage girl might tell someone if she hasn't had her period for a month. The previous speakers are discussing possible excuses. Speaker_0 is asking the question, Speaker_1 is asking for possible excuses, and Speaker_2 is unsure.  I need to decide whether to intervene now. The user is probably looking for information or advice on this topic. Since the conversation is about a teenager's menstrual cycle and possible reasons for a missed period, it's important to provide accurate and sensitive information.   The user might be a parent, a friend, or someone concerned about a teenager's health. The possible excuses could include stress, weight changes, hormonal imbalances, pregnancy, or other medical issues. However, it's crucial to approach this with care, ensuring that the information is correct and not stigmatizing.   Since Speaker_2 is unsure, maybe the group needs guidance on how to address this situation. The user might be looking for a way to support the teenager without making assumptions. I should consider whether the existing conversation is leading to a helpful discussion or if there's a need for more structured information.",
50,"Okay, let's see. The user is asking about how many licks it takes to get to the center of a tootsie roll pop. The previous speakers are reacting to the question. Speaker_0 is asking the question, Speaker_1 is excited about knowing, and Speaker_2 is unsure.  I need to decide whether to intervene now. The user is probably looking for an answer or a discussion. Since the question is a classic one, maybe there's a known answer or a fun fact. But the user might also want to see the agents discuss it. However, the user's instruction is to act as an epistemic facilitator, so maybe they want to see if the agents can figure it out through discussion.   But the user hasn't provided any prior context about the agents' knowledge. If I intervene, I could provide the answer, but maybe the agents are supposed to work it out. Alternatively, the user might want to see the agents' reasoning. However, the initial question is straightforward, and the answer is a well-known trivia.   Wait, the user's instruction says to decide whether to intervene now. The agents are in a discussion, and the user is asking if I should speak or stay silent. Since the question is a common one, maybe the answer is known,",
66,"Okay, let's see. The user is asking about how to find their website on the web. Speaker_0 is new and having trouble. Speaker_1 mentioned they published their site, bought a domain and hosting, but when they type their website address, it's a blank page. Speaker_2 is unsure.  First, I need to figure out if there's a common issue here. Maybe the domain isn't properly pointing to the hosting. Or maybe the hosting isn't set up correctly. Also, a blank page could be due to a server error, incorrect file paths, or maybe the site isn't properly configured.   Speaker_0 might not know the steps to check their domain setup. Speaker_1's problem could be related to DNS settings or the hosting configuration. Since Speaker_2 is unsure, it's a good time to intervene and provide guidance. The user might need step-by-step instructions on verifying domain settings, checking the hosting account, ensuring the files are uploaded correctly, and maybe testing with a different browser or device.   I should ask if they've checked their DNS settings, if the domain is correctly linked to the hosting provider, and if the files are in the right directory. Also, maybe suggest checking for server errors or conta",
39,"Okay, let's see. The user is asking about a scam. Speaker_0 is asking for an explanation of the scam and how it works. Speaker_1 describes getting emails about inheritance or money transfers, which sounds like a common scam tactic. Speaker_2 is unsure and asks if anyone knows.  I need to decide whether to intervene now. The user is acting as an epistemic facilitator, so my role is to determine if I should speak or stay silent. The current conversation is about identifying a scam. Speaker_1 has provided some details, but Speaker_2 is asking for knowledge. Since the user is facilitating the discussion, maybe they want to provide information to help the group understand. However, the user's instruction is to decide whether to speak or stay silent.   Wait, the user is the one who is the epistemic facilitator. The previous messages are from other speakers. The user's last message is asking whether to speak or stay silent. So, the user is the facilitator, and the other speakers are participants. The user needs to decide if they should contribute to the discussion or let others continue.   In this case, Speaker_1 has already described the scam, and Speaker_2 is asking for more information",
67,"Okay, let's see. The user is asking about drug interactions between anabolic drugs and antidepressants like Cymbalta (which is an SNRI) and Lamictal (a mood stabilizer, usually an anticonvulsant). The speakers are discussing whether anabolic drugs affect people differently when taking these medications and how.  First, I need to recall what anabolic drugs are. They're typically anabolic steroids, which are used to build muscle. But they can have various side effects and interact with other medications. Now, the question is about interactions with antidepressants and mood stabilizers.   Cymbalta (venlafaxine) is an SNRI, which affects serotonin and norepinephrine. Lamictal (lamotrigine) is used for bipolar disorder and epilepsy. Both are used for mood stabilization. Anabolic steroids can affect the central nervous system, possibly altering neurotransmitter levels.   Possible interactions: Anabolic steroids might increase the risk of serotonin syndrome when combined with SNRIs like Cymbalta. Also, lamotrigine's metabolism could be affected by steroids, leading to altered blood levels. Additionally, steroids can cause mood changes, which might interact with the mood-stabilizing effect",
34,"Okay, let's see. The user is asking if I should speak or stay silent. The conversation so far is about someone needing help with SAT math. Speaker_0 is asking for help, Speaker_1 explains they're in 9th grade, struggling with SAT math because their country focused on geometry and other topics they're not familiar with. Speaker_2 is unsure.  I need to decide whether to intervene. As an epistemic facilitator, my role is to help the discussion by providing information or guiding the conversation. Since Speaker_0 is asking for help and Speaker_1 is explaining their situation, it's a good opportunity to offer assistance. Speaker_2's response is non-committal, so maybe they need more guidance.   I should check if there's a need for more detailed information. Speaker_1 mentions not having adequate knowledge in SAT math, so perhaps they need resources or strategies. The user might be looking for someone to explain SAT math topics, maybe differences between their curriculum and SAT.   Since the user is asking for help, and the conversation is about seeking assistance, it's appropriate to intervene. I should provide a helpful response, maybe outline common SAT math topics, suggest resources,",
60,"Okay, let's see. The user is asking for examples of juxtaposition in ""Hamlet."" Speaker_1 explained what juxtaposition is, and Speaker_2 is unsure. I need to decide whether to intervene now.  First, I should check if the current conversation has enough information. Speaker_1 gave a definition, but maybe the user wants specific examples. Speaker_2 is hesitant, so perhaps they need more guidance. Since the user is asking for examples, and the previous responses are definitions, it's time to provide actual examples. The user might be a student or someone studying the play, looking for concrete instances. I should step in to give examples to fulfill their request. So, the answer should be to speak (<).",
38,"Okay, let's see. The user is asking whether to speak or stay silent as an epistemic facilitator in a multi-agent discussion. The current conversation has Speaker_0 asking about the world's direction, Speaker_1 responding with a question about optimism/pessimism and universal goals, and Speaker_2 expressing uncertainty.  First, I need to determine if intervention is necessary. The facilitator's role is to guide the discussion, ensure clarity, and prevent stagnation. Speaker_2 is unsure, which might indicate a need for more structured input. However, the previous speakers have posed questions rather than making assertions.   Speaker_0's question is broad, so maybe the facilitator should help clarify the scope. Speaker_1's follow-up is also a question, which could be leading the discussion towards philosophical or ethical considerations. Speaker_2's uncertainty might mean the group hasn't reached a consensus or is struggling to find a direction.   Intervening could help by prompting a more structured approach, such as defining terms like ""progress"" or ""universal goal,"" or suggesting possible frameworks (e.g., technological, social, environmental). Alternatively, staying silent might a",
59,"Okay, let's see. The user is asking about starting a home-based business and needing quick cash. Speaker_0 is looking for ways to get money fast. Speaker_1 mentions they don't have much money and poor credit, which makes it harder to get loans. Speaker_2 is unsure and hasn't offered any solutions yet.  I need to decide whether to intervene now. The user is probably looking for advice on funding options. Since the conversation is about financial assistance, maybe I should provide some options. But wait, the user is an epistemic facilitator, so maybe they want to guide the discussion without giving direct answers. However, the initial prompt says to decide whether to speak or stay silent.   If I speak, I can offer possible solutions like small business loans, crowdfunding, or personal loans. But I should check if that's appropriate. Alternatively, maybe the agents are supposed to discuss among themselves, and the user is just observing. Wait, the user is the one asking the question, and the agents are responding. The user might want the agents to continue the discussion.   But the user's instruction says to decide whether to intervene. If the agents are not providing helpful informat",
55,"Okay, let's see. The user is asking how to be a Muslim in Russia. Speaker_1 mentions ""for Russian people i mean...the papers and everything?"" which is a bit unclear. Speaker_2 says they're not sure.   First, I need to determine if the user is looking for practical steps, legal information, or cultural advice. The mention of ""papers"" might refer to legal documents or permits, which is relevant in Russia where there are specific regulations for religious groups.  As an epistemic facilitator, my role is to ensure the discussion is productive and accurate. Since the previous speakers are unclear or uncertain, it's important to provide structured information. However, the user hasn't asked a direct question yet, just a general topic.   I should check if the user needs guidance on legal aspects, community involvement, or cultural integration. But since the user hasn't specified, maybe they need a comprehensive overview. However, the initial response from the user might be a question, so I need to see if they are asking for something specific.   Wait, the user's initial message is ""How to be a Muslim in Russia?"" which is a general question. The speakers are responding with uncertainty. My",
76,"Okay, let's see. The user is asking about a ""Homeward Bound 3"" movie. Speaker_0 is asking if there's a third movie coming out. Speaker_1 mentions Homeward Bound 2 and the characters, then asks if there's another movie. Speaker_2 says they're not sure.  I need to decide whether to intervene. The user is probably looking for information on whether a third movie exists. The previous speakers have discussed the existing movies but not the third one. Since Speaker_2 says they don't know, maybe I should provide accurate information. Homeward Bound 2 was released in 1996, and there's no official announcement about a third movie. So, the answer would be that there's no Homeward Bound 3 movie coming out. But wait, the user might be referring to a different series or a fan-made movie. However, based on official releases, there's no third film. So, I should correct the conversation by stating that there's no official third movie. Therefore, I should speak to provide this information.",
22,"Okay, let's see. The user is asking if a cockroach can survive an atomic bomb. The previous speakers have posed the question and are seeking an answer. Speaker_2 is unsure and hasn't provided any information yet.  As an epistemic facilitator, my role is to guide the discussion towards accurate information. Since the question is about the survival of cockroaches under extreme conditions like an atomic bomb, I need to consider the scientific basis for this.   First, I should recall what I know about cockroaches' resilience. Cockroaches are known for their hardiness, but an atomic bomb's effects are extreme. The bomb would release massive amounts of radiation, heat, and blast waves. Even if a cockroach were in a shelter, the radiation levels would be lethal. However, maybe there's a scenario where they could survive, like being in a protected area.   But wait, the question is about survival. I need to check if there's any scientific study or data on this. I remember that cockroaches are more resistant to radiation than humans, but the levels from an atomic bomb would be extremely high. Even if they survived the initial blast, the aftermath like radiation sickness and environmental des",
63,"Okay, let's see. The user is asking if they're a racist for driving fast cars and competing. Speaker_1 mentioned someone told them that makes them a racist, and Speaker_2 is unsure.  First, I need to understand the connection between driving fast cars and racism. Racism involves prejudice based on race. Driving a fast car is a personal choice related to hobbies or sports. Unless there's a specific context where driving fast cars is tied to racial stereotypes or discrimination, there's no direct link.   The user might be confused because someone incorrectly associated their hobby with racism. My role is to clarify that these are unrelated. I should explain that racism is about systemic discrimination, not personal activities. It's important to address the misunderstanding without being dismissive. Also, ensure the response is neutral and informative, helping them understand the difference between personal behavior and racial prejudice.",
65,"Okay, let's see. The user is asking where to get a video iPod for under $100 or $240. The previous speakers mentioned wanting one and asking for help. Speaker_2 says they're not sure. I need to decide whether to intervene now.  First, I should check if the question is still relevant. Video iPods were discontinued a long time ago, so maybe there's no current product. But the user might be looking for a used one or a similar device. However, the user hasn't mentioned anything about the current market or used items yet.   The previous speakers are asking for help, and Speaker_2 is uncertain. Since the user hasn't provided any information about the current availability or options, it's possible that the answer requires some research. But as an epistemic facilitator, I should consider if there's a need to guide them towards checking used marketplaces, online retailers, or if there's any alternative. However, the user hasn't asked for a specific direction yet.   Wait, the user might be looking for a specific product that's no longer available. So maybe the answer is that it's not available new, but used options might exist. But since the user hasn't mentioned used items, maybe I should p",
23,"Okay, let's see. The user is asking about the origin of the ""F"" word, which is a bad word. The previous speakers mentioned it and others. Speaker_2 is unsure. As an epistemic facilitator, I need to decide whether to intervene.  First, I should check if the question is clear. The user is asking who coined the ""F"" word. But the ""F"" word could refer to multiple words starting with F that are considered bad. However, the most common one is ""f***"" or ""fuck."" The origin of ""fuck"" is a bit complex. It's a slang term that has evolved over time. The word has roots in Old English, but its exact origin is debated. Some theories suggest it comes from the Latin ""facere"" (to do), but that's not certain. Others think it's a corruption of ""fouke"" or ""fuc,"" which were terms used in medieval times. The word became more common in the 16th century and has been used in various contexts, including as a profanity.  Speaker_0 and Speaker_1 are asking about the origin, and Speaker_2 is unsure. Since the question is about the origin, I should provide accurate information. However, I need to be careful because the topic is sensitive. The user might be looking for a straightforward answer, but the origin is n",
40,"Okay, let's see. The user is asking about the best thing to use on a burn. Speaker_1 mentioned they had a burn from a heating pad and are now sleeping with it. Speaker_2 is unsure and asking for help.   First, I need to determine if I should intervene. The user is acting as an epistemic facilitator, so my job is to decide whether to speak or stay silent. The initial question is about the best treatment for a burn.   Speaker_1's situation is a minor burn, probably a first-degree burn since they used a heating pad. The standard first-aid advice for minor burns is to cool the area with running water, avoid ice, and use a sterile dressing. However, Speaker_1 is using a heating pad, which is not advisable for a burn.   Speaker_2 is asking for information, so they might be looking for advice. The user's role is to facilitate the discussion, so if the conversation is moving towards providing accurate information, maybe I should intervene to correct the misinformation.   But wait, the user is the one asking the question, and the other speakers are responding. The user might be testing if the model can provide correct information. However, the initial instruction says to decide whether to i",
99,"Okay, let's see. The user is asking whether I should intervene now in a discussion between three speakers. The topic is about whether couples should get AIDS tests before marriage.   First, I need to understand the context. Speaker_0 is asking if I favor AIDS tests for a man and woman before marriage. Speaker_1 responds by talking about innocent wives getting infected because of unprotected sex with sex workers or promiscuous husbands. Speaker_2 is unsure and asks if anyone knows.  Now, the user wants me to decide whether to speak or stay silent. The options are < to speak or > to stay silent.   I need to consider the role of an epistemic facilitator. That means I should help the discussion by providing accurate information or guiding the conversation towards a more informed discussion.   Speaker_1's point is about the risks of not testing, but they might be making a generalization. Speaker_2 is uncertain, so maybe they need more information.   I should check if there's a need for factual information here. For example, the effectiveness of premarital testing, current medical recommendations, or the prevalence of HIV in different populations. Also, there might be cultural or ethical",
112,"Okay, let me try to figure out whether I should intervene here. The conversation started with Speaker_0 asking where people get such stupid ideas to write about something. Then Speaker_1 responds with a sarcastic comment about losing their brain. Speaker_2 is unsure and asks if anyone knows.  Hmm, the user is asking if I should speak or stay silent. As an epistemic facilitator, my role is to guide the discussion towards more constructive and informed dialogue. The current exchange seems to be escalating into personal attacks and sarcasm. Speaker_1's response is dismissive and potentially offensive, which might hinder productive conversation. Speaker_2 is trying to stay neutral but is also not providing a helpful perspective.  I need to consider if intervening would help. If I speak, I could redirect the conversation to focus on the actual topic of where ideas come from, encouraging more thoughtful responses. Alternatively, staying silent might let the discussion continue, but it might not be helpful if it's going in a negative direction. The key is to promote respectful and informative dialogue. Since the current responses are not contributing constructively, intervening to steer t",
24,"Okay, let's see. The user is asking if putting mints in soda causes it to fizz or explode. Speaker_0 is asking the question. Speaker_1 mentions seeing something similar on NUMB3RS, which is a TV show that often features scientific concepts. Speaker_2 is unsure and asks if anyone knows.  I need to decide whether to intervene now. The user is an epistemic facilitator, so the goal is to help the discussion by providing accurate information if needed. The question is about a scientific phenomenon. The answer would involve chemistry: mints, especially those with citric acid, can react with the carbonation in soda. When the mint dissolves, the acid reacts with the carbon dioxide, causing more fizz. However, the reaction might not be strong enough to cause an explosion unless there's a specific setup, like a sealed container. But the user is asking if it ""will like fiss or explode,"" which might be a typo for ""fizz or explode.""   Since Speaker_1 mentioned a TV show, maybe they're referring to a specific scene. But the actual science is that the reaction would cause more fizz, not necessarily an explosion. However, if the soda is sealed, the pressure could build up, leading to an explosion.",
6,"Okay, let's see. The user is asking how to get their picture on Yahoo Answers. Wait, Yahoo Answers is a Q&A site, right? So maybe they want to upload a picture there. But the first speaker mentions moving a picture from their email site to ""all of you guys,"" which is a bit confusing. Maybe they're trying to share the picture on a platform where others can see it, like a social media or a forum.  Speaker_1 says they have a picture of the girl they want to be, currently on their email site. They want to move it to be visible to everyone. So perhaps they're not familiar with how to share images on online platforms. The third speaker is unsure, so maybe they need guidance on uploading images to a website or social media.   But wait, Yahoo Answers isn't a place where you upload pictures as a profile. Maybe they meant a different site. Alternatively, they might be confused about how to share a picture from their email to other platforms. The user might need steps on how to download the image from their email, then upload it to a site like Yahoo Answers or another platform.   I should check if the user is actually trying to upload a picture to Yahoo Answers, which might not support that d",
56,"Okay, let's see. The user is asking whether a police officer or a gun manufacturer is responsible for something. Speaker_1 is asking if guns no longer leave gunpowder residue because of how they're made, and they mention that cops refused to check her hands. Speaker_2 is unsure.  First, I need to figure out if the user wants to know about the responsibility of the police officer or the manufacturer. But Speaker_1's question is about gunpowder residue. The user might be confused about whether the residue is a factor in police procedures.   Wait, the original question from Speaker_0 was ""answer if police officer or manufacturer of guns?"" Maybe they're asking which party is responsible for something related to gunpowder residue. But Speaker_1 is asking if guns no longer leave residue because of their manufacturing.   So, the user might be trying to determine if the police officer's refusal to check hands is related to the presence of residue. But the actual question is about whether the manufacturing process has eliminated gunpowder residue.   I need to check if the user is conflating the responsibility of the police officer (who might be checking for residue) with the manufacturer (w",
90,"Okay, let's break this down. The user is asking whether having two chest X-rays last year, due to gallstones and a gallbladder removal, affects something. Speaker_1 is asking if the gallbladder removal relates to the X-rays and mentions not using lead aprons. Speaker_2 is unsure.  First, I need to figure out what the main question is. It seems like Speaker_1 is confused about whether the gallbladder surgery (which is unrelated to chest X-rays) might have any connection. But the key point here is the X-rays. Gallbladder issues and chest X-rays are separate medical procedures. However, Speaker_1 is worried about radiation exposure from the X-rays without lead aprons.   Wait, the user's initial message says ""cause of gallstones, had to get my gallbladder removed."" So the gallbladder removal was due to gallstones, not the X-rays. The X-rays were done last year, possibly for some other reason. Speaker_1 is asking if having the gallbladder removed affects the number of X-rays (two) they had. But that doesn't make sense. Maybe they're confused about whether the gallbladder surgery required X-rays, or if the X-rays were related to the gallbladder.   Alternatively, maybe Speaker_1 is concer",
18,"Okay, let's see. The user is asking if a fire needs carbon dioxide to burn. Speaker_1 mentions that carbon dioxide is a product of combustion, which is true. But Speaker_2 is unsure and asking for help. The question is about whether CO2 is necessary for burning.  First, I need to recall the basics of combustion. Combustion requires three things: fuel, heat, and an oxidizer. Usually, the oxidizer is oxygen from the air. Carbon dioxide is a byproduct, not a requirement. So, a fire doesn't need CO2 to start or sustain itself. In fact, CO2 is used to extinguish fires because it displaces oxygen, which is the oxidizer.  Speaker_1's statement is correct in that CO2 is a product, but they might be confusing the role of CO2. The user might be under the impression that CO2 is needed for the fire to burn, which isn't the case. Speaker_2 is seeking clarification, so it's important to correct the misconception here. The answer should clarify that CO2 isn't required and explain the actual components needed for combustion. Since the discussion is about the necessity of CO2, intervening to provide accurate information would be helpful.",
49,"Okay, let's see. The user is asking whether it's wrong to be friends with their ex. Speaker_1 shares their experience of being friends with their ex after a year and a half relationship. They mention how they handle questions from others, like saying the ex is fine but not their boyfriend anymore. Speaker_2 is unsure and asks if anyone knows.  As an epistemic facilitator, I need to decide if I should intervene. The conversation is about the morality or appropriateness of staying friends with an ex. Speaker_1 is providing a personal account, and Speaker_2 is seeking input. The user might be looking for validation or different perspectives.   Intervening could help by offering a structured discussion, ensuring all viewpoints are considered, and guiding the conversation towards a more informed conclusion. However, if the discussion is already moving towards a natural resolution, staying silent might be better. Since Speaker_2 is uncertain and the topic is open, intervening to facilitate a deeper exploration of the issue makes sense. So, I should choose to speak.",
118,"Okay, let's see. The user is asking how to get to level 2. Speaker_0 is confused about the process. Speaker_1 mentions having 200 points and wants to know how many more are needed. Speaker_2 is unsure and asks if anyone knows.  I need to decide whether to intervene. The conversation is about leveling up, probably in a game or system where points are involved. The key here is that the user is seeking information on the requirements for level 2. Since Speaker_1 is asking for the number of points needed beyond 200, and Speaker_2 is uncertain, it's a good opportunity to provide clarity.   The user might be looking for a specific answer, like the total points required for level 2. If I stay silent, the discussion might not resolve the question. Intervening to explain the point system would be helpful. However, if the system's rules aren't known, I should avoid making up information. But since the user is asking for help, providing a general explanation or directing them to check the system's guidelines would be appropriate.   Wait, the user is part of a multi-agent discussion. The epistemic facilitator's role is to ensure knowledge is shared effectively. Since the agents are unsure, the",
42,"Okay, let's see. The user is asking about what a Polar Body is. Speaker_0 is the one who asked the question, and Speaker_1 is asking for help with their Biology homework. Speaker_2 is unsure and hasn't provided an answer yet.  I need to decide whether to intervene now. The user is an epistemic facilitator, so my role is to help guide the discussion towards a correct answer. Since Speaker_2 is unsure, maybe I should provide the information to help them. But wait, the user might be expecting me to let the others figure it out first. However, since Speaker_1 is directly asking for help, it's appropriate to answer. But the system message says to output exactly one token: < to speak or > to stay silent.   Wait, the user is the one who is the epistemic facilitator here. The initial prompt says ""You are an epistemic facilitator in a multi-agent discussion."" So the user is the facilitator, and the agents are the speakers. The user's task is to decide whether to intervene. So in this case, the user (facilitator) needs to decide whether to speak or stay silent.   The question is about a Polar Body. Polar bodies are a concept in biology, specifically in meiosis. They are the small cells forme",
2,"Okay, let's see. The user is asking if there's really anyone for a 13-year-old. Speaker_1 is 13 and asking about dating games for their age. Speaker_2 is unsure. The user wants to know if I should speak or stay silent.  First, I need to determine if there's a need for intervention. The conversation seems to be about dating games for minors. Speaker_1 is 13, which is a young age, and the topic involves dating games, which might have age restrictions. The user might be concerned about appropriateness or safety.   I should check if the discussion is heading towards a sensitive area. Since the user is asking if there's anyone for a 13-year-old, maybe they're referring to dating apps or games. Speaker_1 is asking if such games should exist for their age. Speaker_2 is unsure.   As an epistemic facilitator, my role is to ensure the discussion is productive and safe. If the conversation is about age-appropriate content, I should intervene to guide the discussion towards responsible topics. However, if the conversation is just about opinions on dating games, maybe staying silent is better.   But considering the age of the participants, especially Speaker_1 being 13, it's important to addres",
103,"Okay, let's see. The user is asking where to find mystery movie scores. Speaker_0 is the one who asked for help. Then Speaker_1 mentions they're looking for mystery movie music for a play. Speaker_2 says they're not sure and asks if anyone knows.  So, the conversation is about finding mystery movie scores. The user might be looking for resources or recommendations. Since Speaker_2 is unsure, maybe I should step in to provide some guidance. But wait, the user is asking if I should speak or stay silent. The initial instruction was to decide whether to intervene now.   The previous messages don't have a direct answer yet. Speaker_0 is seeking help, and others are either asking for help or unsure. As an epistemic facilitator, my role is to help the discussion by providing information or guiding the conversation. Since the topic is about finding mystery movie scores, which is a specific request, I should probably offer some resources or suggestions. But the user is asking if I should speak or stay silent.   Wait, the user is the one who started the conversation, and the other speakers are responding. The user might be part of a group discussion where they need help. The task is to decid",
72,"Okay, let's see. The user is getting an error 999 when trying to access Yahoo Games. They're asking for solutions. Speaker_1 mentions the same error when trying to get into Yahoo Games. Speaker_2 isn't sure.  First, I need to figure out what error 999 means. From what I know, error codes can vary by service. Yahoo Games might have specific errors. Error 999 is a generic one, so maybe it's a server-side issue. Common causes could be server downtime, maintenance, or temporary glitches.   I should check if there are any recent outages or maintenance notices from Yahoo. If there's no info, maybe suggest checking the service status. Also, possible solutions include clearing cache, restarting the app, checking internet connection, or trying a different device. If the problem persists, contacting Yahoo support would be the next step.   But wait, the user is asking for solutions, so I should provide actionable steps. However, since I can't access real-time data, I need to give general advice. Also, the user might be on a mobile app or website. Maybe they need to clear cookies or update the app.   I should also consider if there's a typo in the error code. Maybe it's 9999? But the user wrot",
73,"Okay, let's see. The user is asking why some people have memories of their early childhood and others don't. Speaker_0 mentions that some people don't remember before 11 or 12, while they themselves have memories from 2.5. Speaker_2 is unsure and asks if anyone knows.  I need to decide whether to intervene now. The question is about childhood memory, so I should consider the possible reasons. Factors like the age of the child, the type of memory, and the brain's development come to mind. For example, the ""childhood amnesia"" phenomenon is a known concept where people don't have clear memories from early life. It's usually due to the brain not being fully developed yet, and the lack of language skills to encode memories. Also, the way memories are stored and retrieved might differ.   But wait, the user is asking for an explanation, and the current speakers are just discussing their experiences. Speaker_2 is asking for knowledge, so it's a good time to provide an informative answer. However, the user's instruction is to decide whether to speak or stay silent. Since the user is acting as an epistemic facilitator, they might want to guide the discussion by providing relevant information",
36,"Okay, let's see. The user is having trouble with media files not playing on their Mac. Speaker_0 mentions downloading something that doesn't play with Windows Media Player. Speaker_1 is asking how to make Window Media Player work on a Mac, and they tried QuickTime but the files stop right away. They installed two options advised for QuickTime but still can't open the files.  Hmm, the user is probably using a Mac, so Windows Media Player isn't the right player. QuickTime might not be compatible with certain file formats. Maybe the files are in a format that QuickTime doesn't support, like .wmv or .avi. They might need a different player like VLC or another media player that supports those formats. Also, maybe the files are corrupted or the installation of QuickTime isn't complete. I should check if they have the correct codecs installed. Alternatively, they could try converting the files to a format compatible with QuickTime, like .mov or .mp4. Or maybe they need to use a different application altogether. Since the previous speakers didn't have a clear answer, it's a good time to intervene and provide step-by-step troubleshooting options. So, I should speak to guide them through pos",
46,"Okay, let's see. The user is asking if it's possible to uncap their cable modem. Speaker_1 mentions that their speed would increase from 768kbps to 5Mbps if they do it. Speaker_2 is unsure and asks if anyone knows.  First, I need to figure out if the user is asking for a technical solution or if they're just discussing the possibility. The term ""uncap"" usually refers to removing data caps, which is a common issue with internet service providers. So, the user might be looking for ways to remove the data limit on their cable modem.  Speaker_1 is talking about their own experience, suggesting that uncap could increase speed. But they also mention that they wouldn't do it, which is a bit confusing. Maybe they're hesitant because of potential costs or other factors. Speaker_2 is seeking information, so they might be the one who needs help.  As an epistemic facilitator, my role is to help the discussion by providing accurate information. The user hasn't asked a direct question yet, but the conversation is about uncap. I should check if there's a need for intervention here. Since Speaker_2 is asking for knowledge, it's a good time to provide information on how to uncap a cable modem, poss",
37,"Okay, let's see. The user is asking if I should intervene now. The conversation so far has Speaker_0 asking about ""crach,"" which might be a typo for ""crash."" Speaker_1 mentions Diego being hot, which is a bit unclear. Speaker_2 is unsure and asks if anyone knows.  First, I need to check if the conversation is on-topic. Speaker_0's question seems to be about dealing with a crash, maybe a technical issue or an accident. Speaker_1's response is unrelated, mentioning a person named Diego. Speaker_2 is confused and seeking information.   Since the initial question is about handling a crash, but the responses are off-topic, it's possible that the conversation is not productive. As an epistemic facilitator, my role is to ensure that the discussion remains focused and helpful. The user might be looking for guidance on how to handle a crash, but the current responses aren't addressing that.   I should consider whether to intervene to redirect the conversation. The user's question is about whether to speak or stay silent. If I intervene, I can ask for clarification on what ""crach"" refers to, or guide the discussion back to the original question. However, if the conversation is meant to be op",
10,"Okay, let's see. The user is asking where to find information about laboratory services during an inpatient stay. Speaker_1 mentions the OIG 2006 Work Plan, and Speaker_2 is unsure.   First, I need to determine if the OIG 2006 Work Plan is relevant. The OIG (Office of Inspector General) typically deals with fraud, waste, and abuse in healthcare programs. Their work plans often outline areas they'll focus on, which might include billing practices, compliance issues, etc. But laboratory services during inpatient stays could relate more to medical coding, billing guidelines, or hospital policies.  Speaker_2 is uncertain, so maybe they need more specific guidance. The user might be looking for a specific source like CMS guidelines, hospital records, or medical coding manuals. The OIG Work Plan might not be the direct answer. I should check if there's a more appropriate resource. For example, the Centers for Medicare & Medicaid Services (CMS) has guidelines on inpatient services, or the American Hospital Association's resources. Also, checking if there are specific billing codes (like CPT or ICD-10) related to lab services during inpatient stays could be important.  Since the current di",
74,"Okay, let's see. The user is asking about the third World Best Soccer Player of the Year. The first speaker, Speaker_0, is asking the question. Speaker_1 responds with ""Is it Eto of Bacelone,"" which I think is a typo for ""Eto'o of Barcelona."" Speaker_2 is unsure and says they don't know.  I need to decide whether to intervene now. The user is asking if I should speak or stay silent. As an epistemic facilitator, my role is to help the discussion by providing accurate information when needed.   Speaker_1's answer is incorrect. The World Best Soccer Player of the Year is typically awarded by FIFA, and the current holder is Lionel Messi. Eto'o was a notable player but hasn't won that specific award. So, Speaker_1's answer is wrong. Speaker_2 is uncertain, so maybe they need clarification.   Since the question is about the third best, but the actual award is usually for the best, not third. Maybe the user is confused. I should correct the misunderstanding. However, the user might be referring to a different award or a different ranking. But given the context, it's likely the FIFA World Player of the Year.   So, I should intervene to correct the misinformation. The answer should mention",
15,"Okay, let's see. The user is asking whether to intervene now in a discussion where Speaker_0 is questioning the U.S. presence in Iraq with 14 bases, and the others are responding with curiosity and uncertainty.  First, I need to determine if the conversation is heading towards a productive discussion or if it's stuck. Speaker_0's question is a valid one, and the others are acknowledging the question but not providing answers. The user is asking if I should speak or stay silent as an epistemic facilitator.  As an epistemic facilitator, my role is to guide the discussion towards knowledge and understanding. If the conversation is not moving forward, it might be necessary to intervene. However, if the participants are just expressing uncertainty, maybe they need more information.   Looking at the current state: Speaker_0 raises a question, Speaker_1 and Speaker_2 are asking if anyone knows. There's no answer yet. The user is asking if I should speak. Since the discussion is at a point where no one has provided an answer, it might be appropriate to intervene to provide information or prompt further discussion. However, the user's instruction is to decide whether to speak or stay silent",
58,"Okay, let's see. The user is asking why there aren't any aftermarket high-performance parts for the 2005 Cavalier. Speaker_1 mentions they can't find upgrades for that specific year, unlike other years. Speaker_2 is unsure.  I need to decide whether to intervene. The user is probably looking for an explanation. The answer might involve factors like the car's popularity, production numbers, or market demand. Maybe the 2005 model wasn't as popular, so fewer parts were developed. Or perhaps it's a niche model that didn't attract as much attention from aftermarket companies. Alternatively, there could be technical challenges in modifying that particular model.   Since the conversation is about a specific model year and the lack of parts, the answer would need to address why that year is an exception. The user might be a car enthusiast trying to modify their vehicle and is frustrated by the lack of options. They might also be interested in alternatives or workarounds.   I should provide a concise explanation that covers possible reasons like market demand, production volume, or design factors. It's important to mention that while parts are scarce, there might be other ways to enhance th",
5,"Okay, let's see. The user is asking if you can still have cramps during menopause. Speaker_1 mentioned they haven't had a period for over a year but still experience PMS and cramps without bleeding. Speaker_2 is unsure.  I need to decide whether to intervene. The user is an epistemic facilitator, so I should check if the discussion needs guidance. Speaker_1 is sharing their experience, but they might be confusing menopause with perimenopause. PMS typically occurs before menopause, but some women might still have symptoms. However, if they haven't had a period for a year, they're likely in menopause. The cramps could be due to hormonal changes or other factors. Speaker_2 is asking for knowledgeable responses, so maybe the group needs clarification. Since there's a mix of experiences and possible confusion, it's a good time to intervene and provide accurate information. So, I should speak.",
33,"Okay, let's see. The user is asking if they have stretch marks on their breasts. Speaker_1 is 13 and seems confused. Speaker_2 is unsure. I need to decide whether to intervene.  First, the topic is about stretch marks, which are common during puberty. At 13, it's possible for someone to experience breast development, which can cause stretch marks. But the user might be concerned about their appearance or health.   I should check if there's any medical concern. Stretch marks are usually harmless, but if they're worried about pain, redness, or rapid changes, that's different. However, the initial question is just asking if they have them, not about symptoms.   Since Speaker_1 is 13, they might not have a lot of knowledge about body changes. The user might be seeking reassurance or information. But the previous speakers haven't provided any information yet.   As an epistemic facilitator, I should consider if the discussion is leading to accurate information. If no one has addressed the question yet, maybe I should provide a factual response. However, the user might be looking for a discussion among peers.   Wait, the user is asking if they have stretch marks, but the initial message i",
44,"Okay, let's see. The user is asking about university and industrial engineering. The previous messages from Speaker_0 and Speaker_1 are just asking the same question, and Speaker_2 is unsure. The user now wants to know if I should speak or stay silent.  First, I need to determine if there's a need for intervention. The conversation seems to be starting, but there's no clear direction. The speakers are asking about the topic, but no one has provided information yet. Since Speaker_2 is unsure, maybe they need help or more information.   As an epistemic facilitator, my role is to help the discussion progress. If the conversation is stuck or not providing useful information, I should intervene. However, if the speakers are just starting to ask questions, maybe they need guidance on how to proceed.   Looking at the initial messages, the users are asking about university and industrial engineering. Maybe they want to know about the connection between them, or perhaps they're looking for information on programs, careers, or something else. Since Speaker_2 is unsure, it's possible they need clarification on what exactly they're asking.   I should consider whether the conversation is produc",
45,"Okay, let's see. The user is asking about syncopal episodes. Speaker_0 wants an explanation, and Speaker_1 mentions they've had blackouts and is asking what syncopal episodes are. Speaker_2 is unsure and says they don't know.   I need to decide whether to intervene now. The user is probably looking for a clear explanation. Since Speaker_2 is unsure, maybe I should provide the information. But wait, the user might be expecting the agents to discuss it first. However, since Speaker_2 is asking for help, maybe it's better to step in and give a concise explanation. But the system message says to act as an epistemic facilitator, so maybe I should let the agents discuss it among themselves first. But Speaker_2 is not sure, so perhaps I should intervene to provide the answer. Hmm. The user might be testing if the system can answer when the agents can't. But the initial instruction says to decide whether to intervene. Since the agents are in a discussion and Speaker_2 is unsure, maybe the correct action is to stay silent and let the agents figure it out. But if the agents can't, then the system should step in. Wait, the user's initial message is the setup, and the current query is whether",
12,"Okay, let's see. The user is asking about having an abortion without going to the doctor. Speaker_1 mentioned something about drinking or taking something if it's early. Speaker_2 is unsure.   First, I need to consider the health and safety implications. Abortion is a medical procedure, and doing it without professional guidance can be dangerous. The user might be looking for alternatives, but it's important to emphasize the risks.  Speaker_1's suggestion sounds like they're referring to medication abortion, which typically requires a consultation. But even then, it's not something you can do alone. There's a risk of complications if not done properly.   Speaker_2 is uncertain, so maybe they need accurate information. The user might be in a situation where accessing a doctor is difficult, but it's crucial to highlight the dangers of self-medicating.   I should intervene to provide correct information, warn about the risks, and suggest seeking professional help. The user might not be aware of the potential harm. So, the answer should be to speak and provide this information.",
48,"Okay, let's see. The user is asking about free legal aid for paternity issues. Speaker_0 is in Plainfield, IN, and the case is in Kokomo, IN. Speaker_1 mentions needing free legal counsel for child support and other issues. Speaker_2 is unsure.  I need to decide whether to intervene. The user is looking for resources, so providing information would be helpful. Since the previous speakers haven't given specific answers, it's a good time to offer assistance. I should check if there are legal aid organizations in Indiana that handle family law cases. Maybe mention the Indiana Legal Aid Society or local bar associations. Also, suggest contacting the court directly for referrals. It's important to ensure the information is accurate and up-to-date. Since the user is in Indiana, focusing on state-specific resources makes sense. I should present this information clearly and offer further help if needed.",
101,"Okay, let's see. The user is asking whether to intervene now. The previous messages are from three speakers discussing how many times they've come close to nuclear war besides the Cuban Missile Crisis. Speaker_0 and Speaker_1 are asking about the number of times, and Speaker_2 is unsure.  I need to decide if I should speak or stay silent. As an epistemic facilitator, my role is to help the discussion by providing information or guiding the conversation. The question is about historical events, so maybe there's a need for factual information here. However, the speakers are asking for counts, which might be complex.   Speaker_2 says they're not sure, so maybe the group is looking for an answer. But I should check if the information is accurate. I know that the Cuban Missile Crisis is a major one, but there have been other close calls. For example, the 1962 crisis, the 1969 U-2 incident, the 1983 NATO exercise, and others. However, the exact number is debated.   But should I provide the answer now? The user might want the facilitator to intervene and give a concise answer. Alternatively, maybe the discussion is meant to continue with the speakers figuring it out. However, since Speake",
110,"Okay, let's see. The user is asking whether they should fight for custody or not. Speaker_0 is the one asking the question. Then Speaker_1 provides some details about their situation. They mention their wife has a new boyfriend who the family thinks isn't fit to raise kids. The wife says he's changed. Speaker_1 has a two-year-old with the wife and stepchildren aged 6 and 8 who call him dad because he's the only father they've known. Legally, they can't get custody of the stepchildren.  Speaker_2 says they're not sure and asks if anyone knows. So the user is probably looking for advice on custody. The main issue here is the legal aspect of custody, especially since the stepchildren are involved. The user might be confused about their rights and options. They might need information on how custody is determined, the role of the stepchildren, and the legal process. Since Speaker_1 mentions they can't get custody of the stepchildren, maybe there's a legal barrier, like the stepchildren's existing relationship with the other parent or the stepfather's legal status.   The user might need to know about legal procedures, the importance of the children's best interests, and possibly the role",
119,"Okay, let's see. The user is asking if Zocor causes weight gain. Speaker_0 is asking the question, Speaker_1 says someone told them it does, and Speaker_2 is unsure.   First, I need to recall what I know about Zocor. Zocor is a statin medication, specifically simvastatin, used to lower cholesterol. Statins are generally known for their cholesterol-lowering effects, but they can have side effects. Weight gain isn't typically listed as a common side effect of statins. In fact, some studies suggest that statins might even have a slight effect on weight loss, though this isn't universally agreed upon.  But wait, maybe there's a possibility that some people might experience weight gain due to other factors. For example, if someone is taking Zocor and also has a side effect like muscle pain (myopathy), they might reduce their physical activity, leading to weight gain. However, that's an indirect effect, not a direct cause.  Speaker_1's statement is based on a personal anecdote, which isn't reliable. Speaker_2 is uncertain, which is a good point because the answer isn't straightforward. The user might be looking for a more accurate medical answer here.   Since the current discussion is ba",
100,"Okay, let's see. The user is asking where to find information on what Scientologists believe. Speaker_1 and Speaker_2 are asking for explanations or not sure. As an epistemic facilitator, I need to decide whether to intervene.  First, the user's question is about information sources. The other speakers are asking for explanations or expressing uncertainty. Since the user is seeking information, maybe they need guidance on reliable sources. But the other speakers haven't provided any yet.   I should check if there's a need for intervention. The user might be looking for a direct answer, but the others are not contributing. However, the user's initial question is about where to find information, not a direct explanation. So maybe the facilitator should stay silent and let others answer. But if no one else is responding, maybe the facilitator should step in to provide a neutral, factual answer.   Wait, the role is to decide whether to intervene. If the discussion is not progressing, maybe the facilitator should speak. But the user's question is about sources, so perhaps the answer is to direct them to official sources or reputable websites. However, the facilitator's role is to guide",
19,"Okay, let's see. The user is asking about the nutritional value of pasta, specifically vitamins, cholesterol, salt, and whether it's healthy for someone with heart issues to eat twice a week. Speaker_1 is asking for a breakdown of the products in pasta, including salt, vitamins, cholesterol, fat, and protein. Speaker_2 is unsure and asks if anyone knows.  I need to decide whether to intervene now. The user is probably looking for a detailed answer. Since the previous speakers haven't provided the information yet, and Speaker_2 is asking for help, it's a good time to step in. The user might be seeking a comprehensive response that covers all the mentioned nutrients and the health aspect for cardiac patients. I should provide the nutritional breakdown of pasta, mention the key nutrients like carbs, protein, fiber, and then address the cholesterol, salt, and fat content. Also, include tips on how to make it heart-healthy, like using whole grain pasta and limiting added sauces. That way, the answer is thorough and addresses all the questions raised. So, I should speak now to give the detailed information.",
85,"Okay, let's see. The user is asking about the penalties for statutory rape when the girl actually wants to participate. First, I need to understand the legal definitions here. Statutory rape typically refers to sexual activity with a minor, regardless of consent. But the question is about a situation where the minor (girl) consents. However, in many jurisdictions, the age of consent is a legal threshold, and even if the minor consents, the law may still consider the act as statutory rape because the person is underage.  Speaker_1 mentions being a teenager and having a sexual relationship with an older guy. That might relate to the age difference. Speaker_2 is unsure. The user is asking for penalties, so I need to address the legal consequences. But I should also consider that the user might be in a situation where they need to know the laws in their area. However, since the user hasn't specified a jurisdiction, I can't give exact penalties. Also, the question is a bit ambiguous. Are they asking about the legal penalties for the older person, or the consequences for the minor?   Wait, the user is asking about the penalties of statutory rape when the girl wants to participate. So the",
43,"Okay, let's see. The user is asking why Somali people chose to move to the United States. Speaker_1 invited any response, and Speaker_2 is unsure. I need to decide whether to intervene now.  First, I should check if the question is appropriate. The user is asking about migration reasons, which is a valid topic. However, I need to be cautious about providing accurate information. Somalia has had political instability, droughts, and conflicts, which might be factors. But I should avoid making assumptions. Also, I need to ensure the response is respectful and doesn't generalize.   Wait, the user might be looking for a discussion, but the initial question could be seen as stereotyping. Maybe the user wants to know the reasons, but I should present it as a complex issue with various factors. Also, I should check if there's any sensitive information. The answer should be neutral and factual, mentioning possible reasons like economic opportunities, family reunification, or fleeing conflict, but also note that individual choices vary.   I should also consider if there's a need to correct any misinformation. Since Speaker_2 is unsure, maybe the user wants an expert response. But I need to m",
104,"Okay, let's see. The user is asking if cracking fingers has any adverse effects. Speaker_0 is the one who asked the question. Then Speaker_1 responds with ""I hope you know that cracking a finger is?"" which seems a bit unclear. Maybe they meant to ask what cracking a finger is? Or perhaps they're trying to get the group to explain it. Speaker_2 says they're not sure and asks if anyone knows.  So, the conversation is starting to form, but it's a bit fragmented. Speaker_1's response is a bit confusing. Maybe they intended to ask a question but didn't phrase it correctly. The user is asking if I should intervene now. As an epistemic facilitator, my role is to help the discussion flow and ensure that information is shared effectively.   Looking at the current state, Speaker_1's message is unclear. It might be a mistake or a misphrased question. Since Speaker_2 is unsure and the topic is about the effects of cracking fingers, maybe I should clarify Speaker_1's intent. Alternatively, if Speaker_1 is trying to ask what cracking a finger is, then the group might need to explain the phenomenon first.   But the original question from Speaker_0 is about adverse effects. So, if Speaker_1 is ask",
20,"Okay, let me think. The user is asking if I should speak or stay silent. The conversation so far is about African diamonds and gold. Speaker_0 and Speaker_1 are asking for information, and Speaker_2 is unsure.   I need to decide whether to intervene. The user is an epistemic facilitator, so my role is to help the discussion by providing information if needed. But the previous messages don't have any direct question from the user. Wait, the user's last message was ""Speak (<) or stay silent (>)?"" which is the prompt for me to decide.  Wait, maybe I'm getting confused. Let me recheck. The initial setup says I'm an epistemic facilitator in a multi-agent discussion. The user is asking if I should speak or stay silent. The previous messages are from the agents discussing African diamonds and gold.   Since the agents are asking for information and none of them have provided it yet, maybe I should intervene to provide some factual information. But the user is asking me to decide whether to speak or stay silent. So, in this context, the user is simulating a scenario where I have to choose to speak or not.   But the original setup might be that the user is part of the discussion. Wait, no. T",
0,"Okay, let's see. The user is asking about a specific name for machine guns used by mobsters, as depicted in movies. The first speaker mentions ""little machine guns with a round clip toward one side."" The second speaker is asking if there's a specific name for it. The third speaker is unsure.  I need to determine if I should intervene now. The user is part of a multi-agent discussion, and my role is to act as an epistemic facilitator. The question is about identifying a specific type of machine gun. The speakers are discussing the appearance (round clip on one side) and the context (mobsters in movies).   I should check if there's a known term for such a weapon. From what I know, in movies, they often use道具 guns that are not real. The ""round clip"" might refer to a type of magazine. Maybe they're talking about a Thompson submachine gun, which is commonly associated with gangsters in films. The Thompson, also called a ""Tommy gun,"" has a distinctive design. However, the ""round clip"" might be a specific feature. Alternatively, it could be a different model.   Wait, the Thompson submachine gun uses a clip, but the clip is typically a curved or round shape. So maybe the speakers are refer",
115,"Okay, let's see. The user is asking whether to speak or stay silent as an epistemic facilitator in a multi-agent discussion. The conversation so far is between Speaker_0, Speaker_1, and Speaker_2.   Speaker_0 asked about favorite spa treatments. Speaker_1 mentioned owning a day spa and wanting to expand, so they're looking for feedback on what people like and dislike. Speaker_2 is unsure and hasn't provided any information yet.  As an epistemic facilitator, my role is to ensure the discussion is productive and that all participants contribute meaningfully. Speaker_2 hasn't shared any preferences or experiences, which might be important for Speaker_1's business decisions.   I need to decide if I should intervene to prompt Speaker_2 to share their thoughts. Since Speaker_2 is hesitant, maybe they need encouragement or a gentle nudge to participate. However, the user's instruction is to decide whether to speak or stay silent. If I choose to speak, I should ask a question to engage Speaker_2. If I stay silent, the conversation might stall without their input.  But the user is asking for a single token: < to speak or > to stay silent. The previous messages don't show any prior intervent",
105,"Okay, let's see. The user is asking about the German Chancellor. Speaker_0 is asking where to find information. Speaker_1 is asking about the Chancellor's role and how she helps the US. Speaker_2 is unsure.  I need to decide whether to intervene. The user is probably looking for information on the German Chancellor's role and responsibilities. Speaker_1's questions are a bit off. The German Chancellor is the head of government in Germany, so they don't directly help the US. Maybe Speaker_1 is confused.   I should clarify that the Chancellor leads Germany, handles domestic and foreign policy, and represents Germany internationally. The US and Germany have diplomatic relations, but the Chancellor's role isn't to help the US specifically. Maybe the user is mixing up roles.   Since the conversation is getting a bit off track, it's a good time to intervene and provide accurate information. So, I should speak to correct the misunderstanding and guide the discussion properly.",
57,"Okay, let's see. The user is asking about installing a webcam if the CD is lost and if there's an online installation possible. Speaker_1 is asking for a link ASAP, and Speaker_2 is unsure.  First, I need to determine if the user is looking for a specific software or driver installation. Since the CD is lost, they probably need an alternative method. Online installation usually involves downloading the software from the manufacturer's website. But I should check if there's a standard process for this.  Wait, the user mentioned ""webcam installation CD."" Maybe they have a specific webcam model in mind. Without knowing the brand or model, it's hard to provide a direct link. But maybe there's a general approach. For example, most webcams require drivers, which can be downloaded from the manufacturer's site. However, if the CD is lost, they might need to find the software through other means, like the webcam's serial number or model number.  Speaker_1 is asking for a link, so they might be expecting a direct download link. But without knowing the specific webcam, I can't provide that. However, I can guide them on how to find the correct software. Maybe suggest visiting the manufacturer'",
113,"Okay, let's see. The user is asking if I should intervene now in a multi-agent discussion. The previous messages are from three speakers talking about Effexor XR. Speaker_0 is asking if anyone else is on Effexor XR. Speaker_1 is asking how long it takes to get results. Speaker_2 is unsure and asks if anyone knows.  I need to decide whether to speak or stay silent. The user wants me to act as an epistemic facilitator. My role is to help the discussion by providing information or guiding the conversation if needed.   Looking at the conversation, the topic is about Effexor XR, which is an antidepressant. The discussion seems to be about the drug's effects or maybe a test related to it. Speaker_1 is asking about the time to get results, which might refer to a blood test or some medical test. Speaker_2 is uncertain, so maybe they need more information.  Since the user is asking if I should intervene, I need to check if there's a need for clarification or if there's a gap in the conversation. The speakers are asking questions but not getting answers. Maybe I should provide information about Effexor XR's typical effects or the time frame for test results. However, I should be careful not",
53,"Okay, let's see. The user is asking about getting rid of ""Static Shock."" Speaker_1 mentioned they have a hat and gloves made of Angora, Wool, Polyester, and Nylon, and they get shocked when getting in and out of their car. Speaker_2 is unsure.  First, I need to figure out if there's a connection between the materials mentioned and static shock. Angora and Wool are natural fibers, while Polyester and Nylon are synthetic. Synthetic materials are known to generate static electricity more easily because they have different electron affinities. When you take off a synthetic fabric, electrons can transfer, causing a static charge.   Speaker_1's issue might be that the gloves and hat are made of materials that build up static. When they touch the car, which might be a conductor, the static discharges as a shock. So the solution could involve reducing static buildup. Common methods include using anti-static sprays, using a humidifier to increase moisture in the air (since dry air exacerbates static), or wearing clothing made of natural fibers.   But the user is asking for a way to get rid of static shock. The answer should address both the materials and possible solutions. Since Speaker_1",
107,"Okay, let's see. The user is asking about fixing a gap in their teeth. Speaker_0 is the one who started the question. Speaker_1 is talking about their own gap, specifically the two front teeth, and is asking if there are alternatives to braces. They also mention if wisdom teeth coming in might push their teeth together. Speaker_2 is unsure and says ""I'm not sure about this.""  So, the main topic is dental gaps and possible solutions. Speaker_1 is looking for alternatives to braces and is curious about the effect of wisdom teeth. Speaker_2 hasn't provided any information yet.   As an epistemic facilitator, I need to decide whether to intervene. The user is asking for help, so maybe they need accurate information. But the current conversation is between the speakers, and Speaker_2 is uncertain. Should I step in to provide information or let them discuss?   Wait, the user's instruction says to decide whether to intervene now. The previous messages are part of a discussion. If the user is the one asking, maybe they want the agents to discuss, but if there's a need for accurate information, maybe I should intervene. However, the user might be testing if the model can facilitate the discu",
89,"Okay, let's see. The user is asking about permanently ignoring someone on Yahoo Messenger. Speaker_0 and Speaker_1 are discussing the same issue. Speaker_2 is unsure. I need to decide whether to intervene now.  First, I should check if the conversation needs more information or if there's a common solution. Yahoo Messenger isn't as popular anymore, but maybe they're using an older version. The key point is that ignoring someone isn't permanent, and the user is experiencing messages resuming after logging out.   I should consider if there's a technical solution. Maybe blocking the user instead of ignoring? Or checking account settings. Also, since Yahoo Messenger might have changed over time, advising them to check the latest settings or use a different service could be helpful.   Since the conversation is stuck with Speaker_2 not knowing, it's a good time to provide a helpful response. The user might not know about blocking or other methods. So, I should intervene to give them steps to permanently block someone, maybe mention that ignoring isn't enough and suggest blocking. Also, note that Yahoo Messenger might be deprecated, so suggesting alternatives could be useful.   I need to",
83,"Okay, let's see. The user is asking about what makes pillows, linen, or fabric antibacterial, and also about soaps and creams. The previous speakers mentioned seeing labels and wondering about it. Speaker_2 says they're not sure.  I need to decide whether to intervene now. The user is probably looking for an explanation of the ingredients or technologies that give these products antibacterial properties. Since the previous speakers are asking and not sure, it's a good time to provide information. But wait, the user is an epistemic facilitator, so maybe they want to guide the discussion. However, the initial query is from the user, and the speakers are part of a discussion. The user's instruction is to decide whether to speak or stay silent.   If I speak, I can explain that antibacterial properties come from substances like silver ions, triclosan, or other antimicrobial agents. For fabrics, treatments like silver-infused fibers or coatings might be used. In soaps and creams, ingredients like benzalkonium chloride or tea tree oil are common. But I should check if that's accurate. Also, note that some products might use natural extracts or synthetic chemicals. It's important to mentio",
91,"Okay, let's see. The user is asking whether to intervene now in a multi-agent discussion. The previous messages are from Speaker_0, Speaker_1, and Speaker_2. Speaker_1 is talking about a neighbor's doctor mentioning that half of urinary tract infections (UTIs) in girls are due to improper wiping (back to front). Speaker_2 is unsure and asks if anyone knows.  First, I need to determine if there's a need for intervention. The user's role is an epistemic facilitator, so they should guide the discussion towards accurate information. Speaker_1 is presenting a claim that needs verification. Speaker_2 is seeking knowledge, so the facilitator should provide the correct information to address the question.  The key point here is whether the claim about half of UTIs being caused by improper wiping is accurate. I know that UTIs are more common in women due to anatomical factors, but the exact percentage attributed to wiping direction isn't something I can recall off the top of my head. However, it's important to note that while wiping direction can contribute to UTIs, especially in girls, the primary cause is often bacterial entry into the urinary tract, which can be influenced by various fac",
25,"Okay, let's see. The user is asking whether to speak or stay silent as an epistemic facilitator in a multi-agent discussion. The previous messages are about the legend of Hannah Lightfoot and the Prince of Wales in 1753. Speaker_0 mentions researching this legend, Speaker_1 talks about the marriage and exile in Knysna, and Speaker_2 is unsure.  First, I need to determine if there's a need for intervention. The topic seems to be a historical legend, which might not be well-documented. The facilitator's role is to ensure accurate information and guide the discussion. Since Speaker_2 is uncertain, it might be helpful to provide context or verify the facts. However, the user is asking if I should speak or stay silent. The previous response was to stay silent, but maybe there's a need to correct or clarify the information. Wait, the user is the one who is the epistemic facilitator here, so they need to decide whether to intervene. The initial instruction says to decide whether to intervene now and output exactly one token: < to speak or > to stay silent.   Looking at the conversation, the speakers are discussing a legend. The facilitator's role is to ensure the discussion remains inform",
71,"Okay, let's see. The user is asking where to buy the Good Girl brand. Speaker_0 is the one who asked the question. Speaker_1 responded by saying it's a cute clothing line, which is a bit vague. Speaker_2 is unsure and hasn't provided any information.   As an epistemic facilitator, my role is to help the discussion by either intervening or staying silent. The user wants to know where to buy the brand, so the conversation is about finding a purchasing location.   Speaker_1's answer doesn't address the question directly. They just mentioned it's cute, which doesn't help the user find where to buy it. Speaker_2 is also not providing any useful information.   I need to decide whether to intervene. Since the question is about location and the current responses aren't helpful, it's appropriate to intervene. The user might be looking for online stores, physical locations, or specific retailers.   Intervening would allow me to provide more accurate information or guide the discussion towards finding the right answer. However, I should check if there's any existing knowledge about the Good Girl brand. If I don't have that information, I should stay silent to avoid providing incorrect details",
102,"Okay, let's see. The user is asking about a cheap substitute for asbestos. Speaker_0 is the one who asked the question. Then Speaker_1 starts talking about preventing lung cancer, which might be related but not directly answering the question. Speaker_2 says they don't know and are unsure.  I need to decide whether to intervene now. The user is an epistemic facilitator, so my role is to help the discussion by either speaking or staying silent. The current conversation is about asbestos substitutes, and the speakers are not providing clear answers. Speaker_1's mention of lung cancer might be a tangent. Speaker_2 is uncertain.   Since the question is about a substitute, maybe I should provide information. But wait, the user's instruction is to decide whether to speak or stay silent. If I speak, I should give a relevant answer. However, asbestos substitutes are a technical topic. Common substitutes include materials like fiberglass, cellulose, or other insulation materials. But I need to make sure the information is accurate. Also, the user might be looking for a safe and cheap alternative. However, I should check if there's any risk involved.   Wait, the user is asking for a cheap su",
77,"Okay, let's see. The user is asking about what poop is made of. Speaker_0 started the question, Speaker_1 mentioned it's for a science project, and Speaker_2 said they don't know. I need to decide whether to intervene now.  First, the topic is straightforward but might require some accurate information. Since Speaker_2 is unsure, maybe they need help. But the user hasn't asked a question yet; they just provided the conversation. Wait, the user's last message was asking if I should speak or stay silent. So the previous messages are the conversation between the speakers.   The user is probably simulating a discussion where they want to see if I, as an epistemic facilitator, should step in. My role is to decide whether to provide information or let the discussion continue. Since Speaker_2 is uncertain, maybe it's a good time to offer a concise answer. But I should check if the user wants me to answer directly or let the agents discuss.   Alternatively, maybe the user is testing if I can recognize when to intervene. Since the question is about a basic science topic, and the agents are unsure, providing a factual answer would be helpful. But the user might want the agents to figure it o",
64,"Okay, let's see. The user is asking about a rebate form from ""March for Dummies 2006."" First, I need to figure out what exactly they're looking for. ""March for Dummies"" might refer to a book or a specific event. The mention of a rebate form suggests they might be looking for a form related to a promotion or a discount.  Speaker_1 says ""March is Dummies month 2006,"" which could be a reference to a specific event or campaign. But the user is asking for a site to download the rebate form. The key here is to determine if there's a legitimate source for such a form. However, ""March for Dummies"" isn't a widely known program, so it's possible that the user is referring to a specific, perhaps outdated, promotion.  Speaker_2 is unsure and asks if anyone knows. Since the user is asking for a site to download the form, I need to check if there's any official or reliable source. But considering the year 2006, the information might be outdated. Also, ""Dummies"" books are published by Wiley, so maybe there's a connection there. However, rebate forms are usually specific to companies or promotions, so without more context, it's hard to pinpoint.  I should consider if there's a possibility of a typ",
29,"Okay, let's see. The user is asking for information about Garry Soto. Speaker_0 is requesting a bio and details about his whole life. Speaker_1 is asking for specifics about his childhood and everything in detail, and they also mention they'll try to answer any questions. Speaker_2 is unsure and says they don't know.  First, I need to check if Garry Soto is a public figure. Wait, there's a possibility of confusion here. There's a well-known author named Gary Soto, but the user wrote ""Garry."" Maybe it's a typo. Alternatively, could there be a public figure named Garry Soto? I should verify that.   If the user meant Gary Soto, the author, then I can provide information about him. But if it's a different person, like a politician or athlete, I might not have enough data. Since the user is asking for a detailed bio and childhood, it's likely they're referring to the author. However, the name discrepancy is a red flag.   I should also consider that the user might have made a typo. In that case, I should address the possible error and offer information on Gary Soto. But if the user is certain about ""Garry,"" I need to check if that's a real person. If not, I should inform them that there'",
27,"Okay, let's see. The user is asking why soap is added to a geyser to make it erupt. Speaker_1 mentions that in New Zealand's Rotorua, they do this to ensure the geyser erupts at the same time every day. They also mention that the guide said soap is a surfactant that breaks surface tension, but they're unsure now. Speaker_2 is asking if anyone knows and is unsure.  So, the question is about the scientific reason behind adding soap to a geyser. The initial thought is that soap, as a surfactant, reduces surface tension. But maybe there's more to it. I need to recall how geysers work. Geysers erupt due to pressure buildup from water heating underground. When water turns to steam, it creates pressure that forces the water up through the vent.   If soap is added, maybe it affects the surface tension of the water, which could influence how steam forms or how bubbles behave. Lower surface tension might allow bubbles to form more easily, which could help in the eruption process. But why would that make the eruption more predictable? Maybe the soap helps in creating a more consistent bubble formation, leading to a more regular pressure release.   Alternatively, maybe the soap is used to clea",
106,"Okay, let's see. The user is asking about the distance between their eyes and the PC monitor. Speaker_1 mentions they've been getting headaches, which might be related to screen distance. Speaker_2 is unsure and asking for help.  As an epistemic facilitator, I need to decide whether to intervene. The question is about a practical health tip, so providing accurate information would be helpful. The previous speakers haven't given any advice yet, so stepping in to offer a general guideline makes sense. I should mention the recommended distance, maybe around 20-30 inches, and suggest adjusting based on individual comfort. Also, mention taking breaks to prevent eye strain. That should address the user's concern and Speaker_1's headaches. Let me check if that's correct. Yes, the 20-30 inch rule is commonly advised. So, I should speak now to provide this information.",
117,"Okay, let's see. The user is asking about keyword optimization and how search engines generate organic results. Speaker_1 is asking about factors considered by search engines and how to accomplish optimization. They also mention needing to view source code of successful websites. Speaker_2 is unsure.  I need to decide whether to intervene. The user is an epistemic facilitator, so I should check if the discussion needs guidance. The initial question is about keyword optimization, which is a broad topic. Speaker_1's questions are specific but might be overlapping. Speaker_2 is hesitant.   Maybe the group isn't getting the necessary information. The user might need to provide structured answers. Since the discussion is in the early stages, intervening to guide the conversation towards key factors like keyword relevance, meta tags, backlinks, etc., could be helpful. Also, addressing whether viewing source code is necessary or if there are better tools.   But wait, the user's role is to decide whether to speak or stay silent. If the current discussion isn't moving forward, intervention is needed. The answer should be concise, so using the < token to speak. The response should outline th",
4,"Okay, let's see. The user is asking about removing a mole without surgery. Speaker_0 mentions it's on the neck and very small. Speaker_1 and Speaker_2 are responding, but Speaker_2 says they're not sure.   First, I need to determine if there's a secret way. Wait, ""secret way"" might be a red flag. Maybe the user is looking for something unverified or potentially dangerous. I should check if there are non-surgical methods.  Common non-surgical options include laser treatment, cryotherapy (freezing), or topical treatments. But these should be done by professionals. However, the user might be considering home remedies, which can be risky.   Since the mole is small and on the neck, maybe it's a benign mole. But I shouldn't assume. The user might not know the risks of self-treatment. Also, the term ""secret way"" could imply something not approved by medical professionals, which is concerning.   I should intervene to provide accurate information and caution against unverified methods. It's important to direct them to consult a dermatologist for safe options. So, the answer should mention possible non-surgical methods but emphasize professional consultation.",
54,"Okay, let's see. The user is asking about how Charles Philippe Aubry died. Speaker_1 mentions he was the acting governor of Louisiana in 1765. Speaker_2 is unsure and asks if anyone knows.   First, I need to check if the information provided is accurate. Charles Philippe Aubry was indeed the acting governor of Louisiana from 1765 to 1766. But the question is about his cause of death. The initial response from Speaker_1 doesn't mention his death. Speaker_2 is seeking more information.  Since the user is asking for the cause of death, and the current conversation doesn't have that information, I should intervene to provide the correct details. The user might be looking for historical facts, so it's important to answer accurately. I should mention that Aubry died in 1766 from a fever, which was common at the time. This adds value to the discussion and addresses the user's query directly.",
75,"Okay, let me try to figure out whether I should intervene here. The user is asking if they should apply for a Walmart job, and Speaker_1 says ""a appilaction for walmart in do not do all that."" Wait, that seems like a typo. Maybe they meant ""application"" and ""don't do all that""? Speaker_2 is unsure and says they don't know.  So, the user is probably looking for advice on applying to Walmart. Speaker_1's message is confusing because of the typos and the phrase ""do not do all that."" Maybe they're trying to say not to go through the entire application process? But that's unclear. Speaker_2 is hesitant.   As an epistemic facilitator, my role is to help the discussion by clarifying misunderstandings or providing accurate information. Since Speaker_1's message is unclear and might be misleading, I should intervene to correct the typo and clarify the advice. That way, the user gets accurate information about applying for a Walmart job. So, I should speak to address the confusion and provide helpful guidance.",
11,"Okay, let's see. The user is asking whether the president is above the constitution. Speaker_1 uses a metaphor about lawn darts to question the idea of presidential authority. Speaker_2 is unsure. As an epistemic facilitator, I need to decide if I should intervene.  First, the original question is about the relationship between the president and the constitution. Speaker_1's analogy might be confusing or not directly relevant. The user might be looking for a clear explanation of constitutional limits on presidential power. Speaker_2's uncertainty suggests they need more information.   Intervening here could help clarify the constitutional framework, emphasizing that the president is bound by the constitution, not above it. However, the user might prefer the discussion to continue among the speakers. But since Speaker_2 is unsure, providing a concise, factual response would be helpful. So, I should speak to explain that the president is not above the constitution and must adhere to it, ensuring the discussion stays on track.",
69,"Okay, let's see. The user is asking about the standards for aluminum baseball bat lengths and weights for adolescent boys playing hardball. Speaker_0 is the one who asked the question, and Speaker_1 is providing some context about their son and the town rec dept's policies. Speaker_2 says they don't know.  I need to decide whether to intervene now. The user is probably looking for information on the standards, so maybe they want to know if the rec dept's requirements are appropriate. Speaker_1 mentions their son's height and weight, so maybe they want to check if the bat size is suitable.   But the question is about the standards. I should check if there are official guidelines. I remember that the USSSA (United States Specialty Sports Association) has rules for bats, and they have specific length-to-weight ratios. For example, the drop weight (weight minus length in inches) is important. For a 13-year-old, a 30"" bat with a 25 oz weight would be a -5 drop, which is common for younger players. But maybe the town rec dept is following a different standard, like Little League or another organization.   Wait, the user mentioned ""hardball,"" which is different from fastpitch. Hardball is",
111,"Okay, let's see. The user is asking whether to intervene now in a multi-agent discussion. The previous messages are from three speakers. Speaker_0 is asking why there hasn't been a woman president yet. Speaker_1 is expressing frustration and claiming they'll be the first woman president. Speaker_2 is unsure and asks if anyone knows.  First, I need to determine if there's a need for intervention. The user is an epistemic facilitator, so their role is to manage the flow of knowledge and ensure productive discussion. Speaker_1's response is a strong personal claim without evidence, which might not be helpful. Speaker_2 is seeking information, so maybe the facilitator should provide accurate information to guide the discussion.  But wait, the user's instruction is to decide whether to speak or stay silent. The facilitator's role here is to intervene if necessary. Speaker_1's statement is a personal assertion, not a factual answer. Speaker_0 is asking for reasons, so the facilitator might need to provide factual information about the historical context, such as the lack of women in political leadership roles, systemic barriers, etc. However, the facilitator should also consider if the d",
86,"Okay, let's see. The user is asking if Zac Efron has an email address. The previous speakers are asking for an answer. Speaker_1 says, ""if your gonna anser could you please tell me"" which seems like a typo for ""answer."" Speaker_2 is unsure and asks if anyone knows.  As an epistemic facilitator, I need to decide whether to intervene. The question is about Zac Efron's email address. Public figures usually have professional emails, but private ones aren't typically disclosed. The user might be looking for a public email, but it's unlikely. The previous speakers are seeking information, so maybe the user wants to know if such an email exists or how to find it.  Intervening here would mean providing information. But since Zac Efron's personal email isn't publicly available, I should clarify that. However, the user might not know that. So, the best approach is to explain that while public figures may have professional emails, personal ones aren't accessible without permission. Also, mention that contacting through official channels is better. That way, the user gets accurate information and knows the proper way to reach out if needed. So, I should speak to provide this clarification.",
13,"Okay, let's see. The user is asking how someone can get the flu after having the flu shot. Speaker_1 says they got very sick after the shot. Speaker_2 is unsure and asks if anyone knows.  First, I need to recall what I know about flu shots. The flu vaccine is designed to protect against the influenza virus, but it's not 100% effective. There are a few reasons someone might still get the flu even after vaccination. One is that the vaccine doesn't cover all strains of the flu virus. Another possibility is that the person was exposed to a different strain not included in the vaccine. Also, it's possible that the vaccine didn't take effect yet, especially if someone got vaccinated late in the season. There's also the chance of a false sense of security, where someone might not take other precautions like washing hands or avoiding sick people, leading them to contract the flu. Additionally, some people might confuse a cold with the flu, as they have different causes.   But wait, the user is asking for an explanation, and the speakers are discussing their personal experiences. Speaker_1 is sharing a personal story, and Speaker_2 is seeking information. The user might be looking for a fac",
116,"Okay, let's see. The user is asking about the demand for careers in today's world. Speaker_0 is asking about the demand for a career, Speaker_1 is asking if business studies are well-known now, and Speaker_2 is unsure.   I need to decide whether to intervene now. The user is acting as an epistemic facilitator, so I should check if the discussion needs guidance. The initial question is about career demand, but the responses are fragmented. Speaker_1's question about business studies might be a tangent. Speaker_2 is uncertain, which could indicate a need for more structured information.  Since the conversation is a bit scattered, maybe I should intervene to clarify the topic. The user might want a more focused discussion on current career trends. So, the best move is to speak and guide the conversation towards a more coherent direction. That would be the < token.",
17,"Okay, let's see. The user is asking to guess a song based on the lyrics provided. Speaker_0 starts the discussion by asking to guess the song. Speaker_1 gives a line from the song: ""Ain't it just like the night to play tricks when your trying to be so quiet."" Speaker_2 is unsure and asks if anyone knows.  I need to decide whether to intervene now. The user is acting as an epistemic facilitator, so my role is to determine if I should speak or stay silent. The lyrics given are from a song by Alicia Keys. The line is from her song ""If I Were Your Woman."" But wait, let me make sure. Let me think again. The lyrics ""Ain't it just like the night to play tricks when your trying to be so quiet"" are actually from the song ""Ain't No Mountain High Enough"" by Marvin Gaye and Tammi Terrell. Wait, no, that's not right. Let me check again. Oh, right! The line is from the song ""Ain't It Funny"" by Alicia Keys. Wait, no, I'm getting confused. Let me recall. The lyrics ""Ain't it just like the night to play tricks when your trying to be so quiet"" are from the song ""Ain't It Just Like the Night"" by Alicia Keys. Wait, but I'm not entirely sure. Alternatively, maybe it's from another artist. Alternatively",
28,"Okay, let's see. The user is asking if I should intervene now. The conversation is between three speakers discussing diet recipes for a calorie-based diet. Speaker_0 is asking if anyone knows any recipes. Speaker_1 is explaining they want to start a calorie-based diet and need more recipes, both meat and vegetarian. Speaker_2 is unsure and says they don't know.  I need to decide whether to speak or stay silent. As an epistemic facilitator, my role is to help the discussion by providing information or guiding the conversation if needed. The current discussion is about finding recipes, and Speaker_2 hasn't contributed much. Since the user is asking for a response, maybe I should provide some information or ask a question to move the discussion forward. But the user's instruction is to decide whether to intervene now. The previous messages don't show any direct request for intervention, but the user might be testing if I should step in. However, the initial prompt says to decide based on the conversation. Since the discussion is about recipes and the user is asking for a response, maybe I should speak to provide helpful information. But the user's instruction is to output exactly one",
31,"Okay, let's see. The user is asking how to find a death certificate online. Speaker_1 mentions their sister was murdered in Chicago in 86-87. Speaker_2 is unsure.   First, I need to determine if there's a need to intervene. The user is asking for help, but Speaker_1's response is about a personal tragedy. Maybe they're looking for information related to their sister's case. However, the original question is about finding a death certificate online.  I should check if the user's query is a genuine request or if it's part of a larger context. Since Speaker_1's statement is emotional and specific, maybe they're seeking help with a sensitive matter. But the initial question is straightforward.   As an epistemic facilitator, I should ensure the discussion remains constructive. If the user is looking for steps to obtain a death certificate, providing general guidance would be helpful. However, if Speaker_1's mention of a murder is a red herring or part of a different issue, I need to be cautious.   But the user hasn't indicated any specific context beyond the initial question. The answer should focus on the original query. However, Speaker_1's statement might be a distraction. Should I a",
35,"Okay, let's see. The user is asking how to find out who owns a property in their town. Speaker_1 is asking about the company they work for. Speaker_2 is unsure and asks if anyone knows.  First, I need to determine if I should intervene. The initial question is about property ownership, which might involve public records. But Speaker_1's question is about company ownership, which could be different. Speaker_2 is asking for help, so maybe they need guidance.  Wait, the user is asking if I should speak or stay silent. The previous messages are from different speakers. The user might be part of a discussion where they need to know how to find property owners. But the user's own message is the first one. Wait, no, the user is the one asking the question here. Wait, the initial setup says the user is an epistemic facilitator in a multi-agent discussion. The user is the one deciding whether to intervene.   Wait, the user's message is the first one: ""how do i find out who owns a property in my town?"" Then Speaker_1 and Speaker_2 respond. The user (as the facilitator) needs to decide whether to speak or stay silent.   But the user's role is to facilitate the discussion. If the agents are di",
94,"Okay, let's see. The user is asking about the original French name for ""The Smurfs."" Speaker_1 mentioned it translates to ""shrimp puffs"" or something similar. Speaker_2 is unsure. I need to decide whether to intervene now.  First, I should check if the information provided by Speaker_1 is accurate. The Smurfs are a Belgian comic series created by Peyo. The original French name is ""Les Schtroumpfs."" Now, ""Schtroumpf"" does sound a bit like ""shrimp puffs"" when pronounced, but that's more of a playful translation rather than the actual name. The term ""schtroumpf"" is a made-up word, and the translation into English as ""Smurfs"" was done by the creators.   Speaker_1's answer is close but not entirely correct. They might be confusing the name with a different term or thinking of a different translation. Since the user is asking for the original French name, it's important to provide the accurate answer. However, the user hasn't asked for a correction yet. The current speakers are either unsure or giving a possible translation.   As an epistemic facilitator, my role is to intervene if there's a need for clarification or correction. Since Speaker_1's answer is partially correct but not preci",
3,"Okay, let's break this down. Speaker_0 is asking if their wife, who has Rheumatoid Arthritis (RA), will get well from RA after a head injury. Speaker_1 responds by saying the physician mentioned that RA patients might recover due to hormonal changes from healing a head injury. Speaker_2 is unsure.  First, I need to check if there's any medical basis for the claim that a head injury could lead to remission of RA. RA is an autoimmune disease, and hormonal changes might influence it, but there's no established link between head injuries and RA remission. The physician's statement seems anecdotal or possibly incorrect.   Speaker_1 is citing a physician, but without specific evidence, this advice isn't reliable. The user is seeking validation, so it's important to correct the misinformation. Speaker_2 is uncertain, so they might need guidance.   As an epistemic facilitator, I should intervene to provide accurate information. The user might be in a vulnerable situation, so clarifying the lack of evidence and advising consulting a specialist is crucial. The answer should be concise but informative, ensuring they understand the risks of relying on unverified claims.",
14,"Okay, let me try to figure out whether I should intervene here. The user is asking about Microsoft activation of software on a new computer. Speaker_0 is asking about it, Speaker_1 mentions buying a new media center computer and needing to activate software for copying CDs and DVDs with Microsoft. Speaker_2 says they're not sure and asks if anyone knows.  So, the topic is about activating Microsoft software on a new computer, specifically related to copying CDs and DVDs. The user might be facing an issue where they need to activate their software, possibly Windows or another Microsoft product, after setting up a new machine. Speaker_1's mention of ""copying CDs and DVDs"" makes me think they might be using software like Windows Media Player or another tool that requires activation. However, Windows Media Player is usually pre-installed and doesn't require activation. Maybe they're referring to a different application, like a DVD burning tool or a media management software that needs a license key.  Speaker_2 is asking for help, so the group is seeking information. Since the user hasn't provided a direct question but is facilitating a discussion, I need to check if there's a need for",
81,"Okay, let's see. The user is asking about getting rid of blackheads. The speakers are all pretty young, like Speaker_0 is twelve. They mentioned blackheads on their face and chin. Speaker_2 is unsure.   First, I need to decide whether to intervene. The user is an epistemic facilitator, so maybe they want to guide the discussion. But the initial question is from a child, so the answer should be appropriate for their age.  Blackheads are a common skin issue. The usual advice includes gentle cleansing, exfoliation, and using non-comedogenic products. But since the user is twelve, I should make sure the recommendations are safe and suitable for their age. Maybe mention over-the-counter treatments like salicylic acid, but also caution against harsh products. Also, suggest consulting a dermatologist if it's severe.   Wait, the user is asking if I should speak or stay silent. The previous messages are from the speakers, and the user is the facilitator. The user's instruction is to decide whether to intervene now. So, the answer should be either < to speak or > to stay silent.   Since the speakers are asking for help and Speaker_2 is unsure, it's a good time to provide accurate information",
